ID,People_Precision,People_Recall,People_F1,Organization_Precision,Organization_Recall,Organization_F1,Location_Precision,Location_Recall,Location_F1,Time_Precision,Time_Recall,Time_F1
0000800d9058217f6509d7e63ad475e2de0da611,0.8181818181818182,0.6923076923076923,0.7500000000000001,0.0,0.0,0.0,0.6666666666666666,0.5,0.5714285714285715,0.0,0.0,0.0
0001d4ce3598e37f20a47fe609736f72e5d73467,1.0,0.5,0.6666666666666666,0.14285714285714285,0.2,0.16666666666666666,0.3333333333333333,0.3333333333333333,0.3333333333333333,0.0,0.0,0.0
0002067d13d3ca304e0bc98d04dde85d4091c55e,0.42857142857142855,0.42857142857142855,0.42857142857142855,0.0,0.0,0.0,0.3333333333333333,0.3333333333333333,0.3333333333333333,0.375,0.6,0.4615384615384615
000219931d2c3aae55dc2acdc5f690d0c112ab17,0.5,0.4444444444444444,0.47058823529411764,0.0,0.0,0.0,0.75,1.0,0.8571428571428571,0.0,0.0,0.0
00022dbfa44ccdb94c1dc06938047e258076cf75,0.4,0.5,0.4444444444444445,0.25,0.5,0.3333333333333333,0.0,0.0,0.0,0.0,0.0,0.0
0002b1d590aa4d2f6f000a03947317b6dc4e5c18,0.7,0.5,0.5833333333333334,1.0,0.1,0.18181818181818182,0.0,0.0,0.0,0.3333333333333333,0.3333333333333333,0.3333333333333333
0002b6c22d2efa3af4971f9d515178bb89e31934,0.3333333333333333,0.3333333333333333,0.3333333333333333,0.0,0.0,0.0,0.3333333333333333,0.5,0.4,0.0,0.0,0.0
0002c17436637c4fe1837c935c04de47adb18e9a,0.5555555555555556,0.38461538461538464,0.4545454545454546,0.25,0.3333333333333333,0.28571428571428575,0.6666666666666666,0.5,0.5714285714285715,0.25,0.16666666666666666,0.2
00030c0cba08a5b361fd3ecb4dbf232da8269c55,0.0,0.0,0.0,0.0,0.0,0.0,0.25,1.0,0.4,0.3333333333333333,0.6666666666666666,0.4444444444444444
0003ad6ef0c37534f80b55b4235108024b407f0b,0.6666666666666666,0.8571428571428571,0.75,0.5,0.5,0.5,1.0,0.3333333333333333,0.5,0.0,0.0,0.0
00050e5dbf398963ad40cb6ff81c918c932cc809,0.5,0.625,0.5555555555555556,0.4,0.5,0.4444444444444445,0.0,0.0,0.0,0.3333333333333333,0.6,0.42857142857142855
000513feba4745611532547b50df128c5ea564e4,0.6666666666666666,0.8,0.7272727272727272,0.0,0.0,0.0,0.5,0.5,0.5,0.0,0.0,0.0
0005c9808410ba585973fdf2eaa0d1bb9070546e,0.25,0.5,0.3333333333333333,0.3333333333333333,0.14285714285714285,0.2,0.0,0.0,0.0,0.0,0.0,0.0
00092a7572e6e1d254a6d5f079c4d72d33435667,0.34615384615384615,0.5625,0.4285714285714286,0.16666666666666666,0.13333333333333333,0.14814814814814814,0.625,0.5555555555555556,0.5882352941176471,0.2727272727272727,1.0,0.42857142857142855
000940f2bb357ac04a236a232156d8b9b18d1667,0.8181818181818182,1.0,0.9,0.6666666666666666,0.3333333333333333,0.4444444444444444,0.5,0.3333333333333333,0.4,0.0,0.0,0.0
000994296459fb84cf26cf71a0c109c192758c11,0.5,0.75,0.6,0.0,0.0,0.0,1.0,0.5,0.6666666666666666,0.0,0.0,0.0
0009ca480b5c9d311cb43f852529e5e2a346fef5,0.5,0.5,0.5,0.0,0.0,0.0,1.0,0.5,0.6666666666666666,0.0,0.0,0.0
000beb8706bc2ad4c0c3040faf0ce54caa315454,0.42857142857142855,0.375,0.39999999999999997,0.4,0.2857142857142857,0.3333333333333333,0.5,0.5,0.5,0.3333333333333333,0.25,0.28571428571428575
000c5ee0134182945f21c67d4e8af59259cf77a2,0.6,0.46153846153846156,0.5217391304347826,0.8333333333333334,0.4166666666666667,0.5555555555555556,0.2857142857142857,0.5,0.36363636363636365,0.3333333333333333,0.6666666666666666,0.4444444444444444
000cd1ee0098c4d510a03ddc97d11764448ebac2,1.0,1.0,1.0,0.3333333333333333,0.3333333333333333,0.3333333333333333,1.0,0.8333333333333334,0.9090909090909091,0.0,0.0,0.0
000cefd88b6f79d28c1fb220d5a3eed19514a462,0.5,0.5,0.5,1.0,0.25,0.4,0.0,0.0,0.0,0.0,0.0,0.0
000e009f6b1d954d827c9a550f3f24a5474ee82b,0.3333333333333333,0.3333333333333333,0.3333333333333333,0.75,0.375,0.5,0.5714285714285714,0.6666666666666666,0.6153846153846153,0.0,0.0,0.0
000e7f26e4dda517050bc09ee8d9a08a3b2334b7,0.3,0.6,0.4,0.2,0.3333333333333333,0.25,0.8,0.4444444444444444,0.5714285714285714,0.0,0.0,0.0
000f9a3513a610ff46580007e9ef7e9dd0bc9fef,0.375,0.75,0.5,0.0,0.0,0.0,1.0,0.5,0.6666666666666666,0.14285714285714285,0.5,0.22222222222222224
000fdddcbfce58b56605f99e81c22c9b86ea4773,0.5,0.5,0.5,0.0,0.0,0.0,1.0,0.3333333333333333,0.5,0.0,0.0,0.0
0012256d996ac32c25dd1723785e567b3c063cab,0.6470588235294118,0.8461538461538461,0.7333333333333334,0.0,0.0,0.0,0.5714285714285714,0.5714285714285714,0.5714285714285714,0.25,1.0,0.4
0012c075cf01cbdc30895f7a1568cf556225c0c3,0.5,0.6,0.5454545454545454,0.3333333333333333,0.2857142857142857,0.30769230769230765,1.0,1.0,1.0,0.25,0.4,0.3076923076923077
00139ad128fc573dac7dfe4ce4921a07a408be60,0.5,0.5714285714285714,0.5333333333333333,0.1111111111111111,0.08333333333333333,0.09523809523809525,0.8333333333333334,0.45454545454545453,0.5882352941176471,0.5,0.4,0.4444444444444445
0013a4baaf65a56c857088f2e236bfbc080c88dc,0.5,0.5384615384615384,0.5185185185185186,0.3333333333333333,0.2,0.25,0.0,0.0,0.0,0.0,0.0,0.0
001553918ab13ec4d55b7adf9175ba021fc1f7f8,0.6666666666666666,0.8,0.7272727272727272,1.0,0.2,0.33333333333333337,0.6666666666666666,1.0,0.8,0.5,0.14285714285714285,0.22222222222222224
00169039da88af38387c7da51d021868fcb6f26c,1.0,0.75,0.8571428571428571,0.0,0.0,0.0,0.6666666666666666,0.6666666666666666,0.6666666666666666,0.0,0.0,0.0
0016a36506199baae4cae50cd0758e45dddf87e7,0.5,1.0,0.6666666666666666,0.6666666666666666,0.6666666666666666,0.6666666666666666,0.75,0.6,0.6666666666666665,0.5,0.6,0.5454545454545454
0016bfe904685ce40f094b07c294c2065dd3a194,0.0,0.0,0.0,1.0,0.2,0.33333333333333337,0.0,0.0,0.0,0.0,0.0,0.0
0018963c6bfd060dbbbd6633a5655712d90643fb,0.4666666666666667,0.5,0.4827586206896552,0.4,0.5,0.4444444444444445,0.0,0.0,0.0,0.5,0.5555555555555556,0.5263157894736842
00197f390e3dd2ce02eabb5fd44bb40b89b64389,0.5,0.2,0.28571428571428575,0.0,0.0,0.0,0.8,1.0,0.888888888888889,0.25,0.5,0.3333333333333333
0019f3f79be4536756ac180d154bf67294d0c9b6,0.25,0.2,0.22222222222222224,0.0,0.0,0.0,0.5,0.5,0.5,0.25,0.3333333333333333,0.28571428571428575
001a8b20279cb0b829cdb4fa8cd6997949c33f09,0.5,0.6666666666666666,0.5714285714285715,0.2857142857142857,0.4,0.3333333333333333,0.4,0.6666666666666666,0.5,0.0,0.0,0.0
001b4673dbb3437282cd2ea58d9eca471e25780f,0.6363636363636364,0.875,0.7368421052631579,0.0,0.0,0.0,0.0,0.0,0.0,0.0,0.0,0.0
001b6dccba3ab0efb4296e04669bac42f5bee886,0.3333333333333333,0.2857142857142857,0.30769230769230765,0.0,0.0,0.0,0.6666666666666666,0.5,0.5714285714285715,0.5,0.25,0.3333333333333333
001b8ecda7b31fff8ab04a99a0455336477f09a1,0.7272727272727273,0.8888888888888888,0.7999999999999999,0.0,0.0,0.0,1.0,0.7777777777777778,0.8750000000000001,0.0,0.0,0.0
001c9b4f4f1f431b85bae0abaadf4e7666064f35,0.36363636363636365,1.0,0.5333333333333333,0.0,0.0,0.0,1.0,0.5,0.6666666666666666,0.0,0.0,0.0
001db2e0e30e54bc5effda388ffb51425d018caf,1.0,0.625,0.7692307692307693,0.0,0.0,0.0,0.5,0.5,0.5,0.0,0.0,0.0
001dc91a62bad5263259a1d664c821cb1e700f27,0.5714285714285714,0.8,0.6666666666666666,0.0,0.0,0.0,1.0,0.3333333333333333,0.5,0.0,0.0,0.0
001e8bda2f7ab73bf81314c1639a97dae2751703,0.6470588235294118,0.8461538461538461,0.7333333333333334,0.6666666666666666,0.4,0.5,0.3333333333333333,0.2,0.25,0.0,0.0,0.0
001f7a255ce06e0bc3a8cffb94fc0019ba0f2f34,0.6666666666666666,0.6666666666666666,0.6666666666666666,0.0,0.0,0.0,0.0,0.0,0.0,0.0,0.0,0.0
001fb37cf8a91dd358548d409d1ea09f4120ab6f,0.625,0.7692307692307693,0.6896551724137931,0.0,0.0,0.0,1.0,0.5384615384615384,0.7000000000000001,0.25,0.4,0.3076923076923077
0021fe8d65bd0d6d76d5fefba2ac02f0c48a43f4,0.42857142857142855,0.5,0.4615384615384615,0.5,0.5,0.5,0.0,0.0,0.0,0.0,0.0,0.0
0022a8a7afe47ac14e7ed51c38f629c866661e38,0.2727272727272727,0.375,0.3157894736842105,0.0,0.0,0.0,1.0,0.6666666666666666,0.8,0.14285714285714285,0.5,0.22222222222222224
0022b77434a498d0bf38836caa3ec8c071f624f6,0.5,0.875,0.6363636363636364,0.75,0.3333333333333333,0.46153846153846156,0.6666666666666666,0.25,0.36363636363636365,0.36363636363636365,0.4444444444444444,0.39999999999999997
002360f910e8b59949ff31b49af0a7b8126593d3,0.25,0.4,0.3076923076923077,0.3333333333333333,0.2222222222222222,0.26666666666666666,1.0,0.4444444444444444,0.6153846153846153,0.0,0.0,0.0
00238f16261b335618b065b5a4e5433de3c14615,0.5909090909090909,1.0,0.7428571428571429,0.3333333333333333,0.2,0.25,0.6666666666666666,0.4,0.5,0.6428571428571429,0.75,0.6923076923076924
00a3121ae106ce18379649be9d61faaf9b885ea7,0.45454545454545453,0.7142857142857143,0.5555555555555556,0.2,0.2,0.20000000000000004,0.4,0.3333333333333333,0.3636363636363636,0.0,0.0,0.0
00a6c0823ba92e5a055d90133e8b66fa9028c2d7,1.0,0.5714285714285714,0.7272727272727273,0.9090909090909091,0.5882352941176471,0.7142857142857143,0.1,0.16666666666666666,0.125,0.0,0.0,0.0
00a7132b9c9a646852ac4a606acb71e3a6acb8c6,0.0,0.0,0.0,0.6666666666666666,1.0,0.8,0.6666666666666666,1.0,0.8,0.6666666666666666,0.5,0.5714285714285715
00b3cebdfa5caccbddb4c701689e2dfddd89a3d4,0.25,0.5,0.3333333333333333,0.0,0.0,0.0,0.8,0.3448275862068966,0.48192771084337355,0.16666666666666666,0.07142857142857142,0.1
00bab59ff44f83281a07ff92439089c58c2f54bb,0.8,0.6666666666666666,0.7272727272727272,0.75,0.75,0.75,0.0,0.0,0.0,0.0,0.0,0.0
00d48bf5089a093edf12ef5f3836780e97be6be0,0.3333333333333333,0.25,0.28571428571428575,1.0,0.2,0.33333333333333337,0.5,0.6,0.5454545454545454,0.0,0.0,0.0
00f2dcbaf64df265065f3ef314f5bbc17e6950ca,1.0,0.5,0.6666666666666666,1.0,0.35714285714285715,0.5263157894736842,0.5,0.5,0.5,0.0,0.0,0.0
0189e00e90723bc2449a3522557b4edfa54ebf52,1.0,0.3333333333333333,0.5,0.0,0.0,0.0,1.0,1.0,1.0,1.0,0.25,0.4
069f469ad0d105a36345ad93637b6c10771fb8f3,0.7,0.7777777777777778,0.7368421052631577,0.3333333333333333,0.25,0.28571428571428575,0.5,0.75,0.6,0.3333333333333333,1.0,0.5
09b9fda5fe70b96e95d9899f080dccb0e0dcd77a,0.75,0.75,0.75,0.2,0.09090909090909091,0.12500000000000003,0.75,0.6,0.6666666666666665,0.4,1.0,0.5714285714285715
0a031d23cc9696d34b418d6b8d46fb2be777db23,0.0,0.0,0.0,0.25,0.5,0.3333333333333333,1.0,1.0,1.0,0.0,0.0,0.0
0a045dcc5d3fddad8617a17db4fb36e490921b75,0.6956521739130435,0.64,0.6666666666666666,0.3333333333333333,0.3,0.3157894736842105,0.7142857142857143,0.38461538461538464,0.5,1.0,1.0,1.0
0a0a007398ab02d4bd3c1ef9e034f567afa76b2c,1.0,0.3333333333333333,0.5,1.0,0.3333333333333333,0.5,0.5,1.0,0.6666666666666666,1.0,0.5,0.6666666666666666
0a0a1a0e94aac65f2b50815050dfaccf521dda35,0.0,0.0,0.0,0.0,0.0,0.0,1.0,1.0,1.0,1.0,1.0,1.0
0a0a4c90d59df9e36ffec4ba306b4f20f3ba4acb,0.8333333333333334,0.625,0.7142857142857143,0.0,0.0,0.0,0.0,0.0,0.0,0.0,0.0,0.0
0a0d524f9f21f6132b91422e00b575080bb7c4a6,0.16666666666666666,0.2,0.1818181818181818,1.0,0.4,0.5714285714285715,0.0,0.0,0.0,0.0,0.0,0.0
0a167e1b287070c1ac577400309a55d499939d2c,0.2,0.5,0.28571428571428575,0.0,0.0,0.0,1.0,1.0,1.0,0.0,0.0,0.0
0a1ef61e85845fc03a2aad06aabad8d34e0b36ad,0.6666666666666666,0.5,0.5714285714285715,0.4,0.2222222222222222,0.2857142857142857,0.6666666666666666,0.6666666666666666,0.6666666666666666,0.0,0.0,0.0
0a23ba95558bc16e21815b6d1297b60c0e78caaa,0.0,0.0,0.0,0.0,0.0,0.0,1.0,1.0,1.0,0.0,0.0,0.0
0a3bcbacfb0040800aba71a470c0194d0d7c5a62,0.6,0.375,0.4615384615384615,0.2857142857142857,0.3333333333333333,0.30769230769230765,0.875,0.7777777777777778,0.823529411764706,0.0,0.0,0.0
0a459eb9164b45589795af3ad7c7f6dd22685af0,0.6666666666666666,1.0,0.8,0.5,0.25,0.3333333333333333,0.6666666666666666,0.8,0.7272727272727272,0.0,0.0,0.0
0a471293143e542e3f3ff00265bcadfbc68bda25,0.5,0.5,0.5,0.6666666666666666,0.2608695652173913,0.37500000000000006,0.2222222222222222,0.6666666666666666,0.3333333333333333,0.0,0.0,0.0
0a4a9488b5e913b1de866446d53073d113688768,0.5,1.0,0.6666666666666666,0.3333333333333333,0.3333333333333333,0.3333333333333333,1.0,0.5,0.6666666666666666,0.0,0.0,0.0
0a5c5a5f92c35ec03cd42feee53474d4164cbf33,0.5714285714285714,1.0,0.7272727272727273,0.0,0.0,0.0,1.0,0.6,0.7499999999999999,0.0,0.0,0.0
0a60266f622680ec18cc85219f9f7c76c4e10205,0.5,0.5714285714285714,0.5333333333333333,0.3333333333333333,0.2,0.25,0.0,0.0,0.0,0.0,0.0,0.0
0a60d5c98e767514e6431e2b61a900ccba178741,0.0,0.0,0.0,1.0,0.14285714285714285,0.25,0.0,0.0,0.0,0.3333333333333333,0.5,0.4
0a61cc5c304b3d78070eea0d2686da69d56552f0,0.5,0.6666666666666666,0.5714285714285715,0.6,0.6,0.6,1.0,1.0,1.0,0.0,0.0,0.0
0a6e74e3116ca8246fa2d09929b59746973721f2,0.7142857142857143,0.8333333333333334,0.7692307692307692,0.5,0.25,0.3333333333333333,0.8333333333333334,0.7142857142857143,0.7692307692307692,0.0,0.0,0.0
0a75c4f2a8a1468afbc2f2b1591d134c3cea30ec,0.3333333333333333,1.0,0.5,1.0,1.0,1.0,1.0,1.0,1.0,0.0,0.0,0.0
0a7d822a4d9f7269255b194d01a3503e7e207c7f,0.375,0.5,0.42857142857142855,0.3333333333333333,0.3,0.3157894736842105,0.75,0.75,0.75,0.42857142857142855,0.75,0.5454545454545454
0a80d772e87c235cb633a19107483e345d6ef46a,0.0,0.0,0.0,1.0,0.2,0.33333333333333337,0.5,0.5,0.5,0.0,0.0,0.0
0a8201ae18c7db380e0d838e19ab73a16e82102f,0.25,1.0,0.4,0.2,0.5,0.28571428571428575,0.8,0.6666666666666666,0.7272727272727272,1.0,0.2857142857142857,0.4444444444444445
0a842d14099d3868d36adfdb269df65d14aa6c47,0.4166666666666667,0.17857142857142858,0.25,0.25,0.16666666666666666,0.2,0.4166666666666667,0.7142857142857143,0.5263157894736842,0.5,0.25,0.3333333333333333
0a847504dcde9cd4a476ffb4e5c831e3dfcb2d58,0.5,0.4,0.4444444444444445,1.0,0.2,0.33333333333333337,0.0,0.0,0.0,0.0,0.0,0.0
0a8b54bdaf7822a0ed3f462db4c8941ad53663ab,0.6,0.6,0.6,0.6,0.375,0.4615384615384615,1.0,0.8333333333333334,0.9090909090909091,0.6666666666666666,1.0,0.8
0a9d326b859a477b6466525a9afbb0c15c3dd9d8,0.4,0.6666666666666666,0.5,0.25,0.3333333333333333,0.28571428571428575,0.3333333333333333,1.0,0.5,0.0,0.0,0.0
0aa0562353120d93357dc00a05ff4d2bc0312715,1.0,0.3333333333333333,0.5,1.0,0.14285714285714285,0.25,1.0,0.6666666666666666,0.8,0.0,0.0,0.0
0aa1dd8b2267ee1f4629c54af6aecb418a2f088b,1.0,0.6666666666666666,0.8,0.6666666666666666,0.3333333333333333,0.4444444444444444,0.5,0.5,0.5,0.3333333333333333,0.25,0.28571428571428575
0aa577e33ead7f859e537050c3276ea02cb94af0,0.25,0.3333333333333333,0.28571428571428575,0.0,0.0,0.0,0.7272727272727273,0.8,0.761904761904762,0.0,0.0,0.0
0aabc9ecdaaff12f92c65edfdc15c7f344058248,0.8,0.6666666666666666,0.7272727272727272,0.0,0.0,0.0,0.5714285714285714,1.0,0.7272727272727273,1.0,0.5,0.6666666666666666
0ab34ea3704178a08dc1223bb10826912c73bd19,0.5,0.6666666666666666,0.5714285714285715,0.3333333333333333,0.16666666666666666,0.2222222222222222,1.0,0.6666666666666666,0.8,0.0,0.0,0.0
0abbbc34252feacc63d3b0b5c051c5f1b7b967fe,1.0,0.3333333333333333,0.5,0.0,0.0,0.0,0.0,0.0,0.0,0.0,0.0,0.0
0ac8da885d111a70524558202d0971b317c80890,0.0,0.0,0.0,0.0,0.0,0.0,0.5,1.0,0.6666666666666666,0.0,0.0,0.0
0acbea1ae921bf7bedb306c60116816c2dc6855d,1.0,0.5,0.6666666666666666,0.0,0.0,0.0,0.8333333333333334,0.8333333333333334,0.8333333333333334,1.0,1.0,1.0
0acf50911732154986d754da646757b7c42508cc,0.42857142857142855,0.6,0.5,0.0,0.0,0.0,0.0,0.0,0.0,0.0,0.0,0.0
0ad347031bfb634d46bb733114023ec812c1ae85,0.6666666666666666,0.5454545454545454,0.6,0.3,0.23076923076923078,0.2608695652173913,0.5,1.0,0.6666666666666666,0.4,0.4,0.4000000000000001
0adb3929d8ea2079cea9065af4a16c9a8695780f,0.2857142857142857,0.3333333333333333,0.30769230769230765,0.0,0.0,0.0,0.0,0.0,0.0,0.375,0.6,0.4615384615384615
0ae424ae15992799870dc89a4fc82925ddeda32a,1.0,0.75,0.8571428571428571,0.0,0.0,0.0,0.5,0.4,0.4444444444444445,0.0,0.0,0.0
0ae9a98265905048c44275607043b74c73e195f1,0.6,0.75,0.6666666666666665,0.5,0.6666666666666666,0.5714285714285715,1.0,0.5,0.6666666666666666,0.0,0.0,0.0
0aed82a5b444877d95bbacb1e5edde54a52d675f,0.5555555555555556,0.7142857142857143,0.6250000000000001,0.0,0.0,0.0,0.8,0.8,0.8000000000000002,0.0,0.0,0.0
0af24d7e93abbe7a59e6690c420067b8eae221a2,0.75,0.75,0.75,0.0,0.0,0.0,0.5,1.0,0.6666666666666666,0.3333333333333333,0.2,0.25
0afb432978cfd25ba81848334b7f966c28f97954,0.2857142857142857,0.5,0.36363636363636365,0.5,0.5,0.5,1.0,1.0,1.0,0.0,0.0,0.0
0b00c7c4c20e7049d731d0123945387add6e51dd,0.6,0.6,0.6,0.4,0.5,0.4444444444444445,1.0,1.0,1.0,0.75,1.0,0.8571428571428571
0b013d46438aeeaabf6136a14a4c63501ec723ee,0.6,1.0,0.7499999999999999,0.625,0.7142857142857143,0.6666666666666666,0.75,0.375,0.5,0.0,0.0,0.0
0b03dc8b3646ce9f6903c77ce36b7520cf879e2b,1.0,0.85,0.9189189189189189,0.0,0.0,0.0,1.0,1.0,1.0,0.0,0.0,0.0
0b03fb754fb711707d98eef57c038e50a250672e,0.5,0.5,0.5,0.5,1.0,0.6666666666666666,1.0,0.5,0.6666666666666666,0.0,0.0,0.0
0b07f9324ceda876e6c5f85dd0ef0a06563ecb77,0.5,0.5,0.5,0.0,0.0,0.0,0.0,0.0,0.0,0.25,0.5,0.3333333333333333
0b1c12e2f5f191c6a2f3403b5caea3c9e8a4c75e,0.5454545454545454,0.75,0.631578947368421,0.0,0.0,0.0,0.5,0.6666666666666666,0.5714285714285715,0.0,0.0,0.0
0b21c2515814aa80df7fd6ed40e317f359c73ebd,0.4,0.6666666666666666,0.5,0.0,0.0,0.0,0.6,0.42857142857142855,0.5,0.0,0.0,0.0
0b26082de44b9a29bc880512620f4c3cf4075e4a,0.8,0.6666666666666666,0.7272727272727272,0.14285714285714285,0.16666666666666666,0.15384615384615383,0.7142857142857143,0.2631578947368421,0.3846153846153846,0.16666666666666666,1.0,0.2857142857142857
0b261927c5ad07c2dfdd4ec4a8b0fbbe2e24cde1,0.8888888888888888,0.7272727272727273,0.7999999999999999,0.0,0.0,0.0,0.5,0.16666666666666666,0.25,0.0,0.0,0.0
0b2b704b79587e6904b5eb0ecadd887efcb92251,0.625,0.5,0.5555555555555556,0.5,0.2727272727272727,0.3529411764705882,0.5,0.5,0.5,1.0,0.5,0.6666666666666666
0b2cd06f1604bcc32a58ab1a0e4b6eb4d5791525,0.2857142857142857,0.6666666666666666,0.4,0.0,0.0,0.0,1.0,0.4,0.5714285714285715,0.0,0.0,0.0
0b3065f62db03416c01b0bc8d87a03add5402070,0.3333333333333333,0.25,0.28571428571428575,0.0,0.0,0.0,0.75,0.6,0.6666666666666665,0.0,0.0,0.0
0b3d5ccc31d46a056d83e3543e7b4ab388e8ecc1,0.5,0.16666666666666666,0.25,0.3333333333333333,0.2,0.25,1.0,1.0,1.0,1.0,0.5,0.6666666666666666
0b4552e922d90a415c66da031820ff3a8814e08f,0.8333333333333334,0.625,0.7142857142857143,0.6666666666666666,0.2857142857142857,0.4,0.3333333333333333,0.5,0.4,0.6666666666666666,1.0,0.8
0b55946c2798361fdb0fa8de1441af9ec3123ee3,0.4,0.4,0.4000000000000001,0.0,0.0,0.0,0.0,0.0,0.0,0.0,0.0,0.0
0b5d771dafc8a5a62226e2a464e3d0dbd9613b22,0.6666666666666666,0.5,0.5714285714285715,1.0,0.25,0.4,0.0,0.0,0.0,0.6666666666666666,1.0,0.8
0b69333e120b81f48df3e541a22d0c31b24a48bf,0.8181818181818182,0.5625,0.6666666666666666,0.0,0.0,0.0,0.6666666666666666,0.4,0.5,0.0,0.0,0.0
0b6b35285742a41a6305628b0914569745b1c25a,0.8,0.8,0.8000000000000002,1.0,0.42857142857142855,0.6,0.0,0.0,0.0,0.5,0.3333333333333333,0.4
0b6bf9efecd2d5d32b27f05cf8aeaaa2f4c178d8,0.0,0.0,0.0,1.0,0.5,0.6666666666666666,0.6666666666666666,1.0,0.8,0.0,0.0,0.0
0b6ee20d19e89512903366438c9497e941e07162,0.625,0.7142857142857143,0.6666666666666666,0.5,0.4166666666666667,0.45454545454545453,0.45454545454545453,0.625,0.5263157894736842,0.3333333333333333,0.5,0.4
0b75681a4ba09185986222bc10c66d2122839ec7,0.6470588235294118,0.28205128205128205,0.3928571428571429,0.25,0.3333333333333333,0.28571428571428575,0.0,0.0,0.0,0.0,0.0,0.0
0b81596b4ac98a43ad2ec1c40e3aa336396c0667,0.8125,0.5416666666666666,0.65,0.3333333333333333,0.3333333333333333,0.3333333333333333,0.5555555555555556,0.45454545454545453,0.5,0.0,0.0,0.0
0b8604027609fb7a4a6432e6a5e903e10a1df91c,0.75,0.8571428571428571,0.7999999999999999,0.0,0.0,0.0,1.0,0.5,0.6666666666666666,0.375,0.75,0.5
0b894b3d6c3dd40e6db6ea7d28d5dd6cdabcd62a,0.0,0.0,0.0,0.5,1.0,0.6666666666666666,0.8,0.8888888888888888,0.8421052631578948,0.0,0.0,0.0
0ba80f1370849bf1c0e139745b5b1942333fe4f1,0.8,0.5,0.6153846153846154,0.0,0.0,0.0,0.0,0.0,0.0,0.75,1.0,0.8571428571428571
0baaf5aebfc5915ea7bb3119b7dd860fe22792d3,0.0,0.0,0.0,0.0,0.0,0.0,1.0,0.6666666666666666,0.8,0.0,0.0,0.0
0c58d521677065d753e62c1e55bd7e2c834b5862,0.5,0.6,0.5454545454545454,0.5,0.25,0.3333333333333333,0.75,0.75,0.75,0.0,0.0,0.0
0df57865e3e7d94babb2b4567f5ef653d1c5b784,0.625,1.0,0.7692307692307693,1.0,0.375,0.5454545454545454,0.8,0.6666666666666666,0.7272727272727272,0.0,0.0,0.0
10de6b37b495e034d3404c0a28c17839d9d6a978,0.3333333333333333,0.6666666666666666,0.4444444444444444,0.0,0.0,0.0,0.0,0.0,0.0,1.0,0.8571428571428571,0.923076923076923
123594b08279a5e830dee6e817e66bafaf013ff2,0.8235294117647058,0.7,0.7567567567567567,0.9,0.32142857142857145,0.4736842105263158,0.25,0.5,0.3333333333333333,0.0,0.0,0.0
1495092706291d5e121afe2f9b277e07a736e14f,0.8421052631578947,0.43243243243243246,0.5714285714285715,0.16666666666666666,0.14285714285714285,0.15384615384615383,0.125,0.125,0.125,0.5,0.25,0.3333333333333333
158fa28a12bc8d2dfdc3bc6214fc1c1227f5850e,1.0,1.0,1.0,0.6666666666666666,0.6666666666666666,0.6666666666666666,0.75,0.75,0.75,0.0,0.0,0.0
15977594b3bf808e083502e9845ce3b8210aae32,1.0,0.4444444444444444,0.6153846153846153,0.0,0.0,0.0,0.0,0.0,0.0,0.0,0.0,0.0
1639b210d268f3bc58b5264b0bb8a1cee58537c8,0.8571428571428571,0.6,0.7058823529411764,0.3333333333333333,0.14285714285714285,0.2,0.375,0.5,0.42857142857142855,0.6666666666666666,0.5,0.5714285714285715
166ee3ae100f1f5723c787bff1b4b1303f21cdc5,1.0,1.0,1.0,0.6,0.21428571428571427,0.3157894736842105,0.14285714285714285,0.3333333333333333,0.2,1.0,0.16666666666666666,0.2857142857142857
171a296a362587febefedba814d5fbdc260938d4,0.6923076923076923,0.6,0.6428571428571429,0.14285714285714285,0.08333333333333333,0.10526315789473685,0.16666666666666666,1.0,0.2857142857142857,0.6666666666666666,0.6666666666666666,0.6666666666666666
176fc589036f595eee8315f7a611ab75eb998b94,0.9230769230769231,0.8571428571428571,0.888888888888889,0.0,0.0,0.0,1.0,0.5,0.6666666666666666,0.0,0.0,0.0
192c299f49906a718198dec084c04860563e60ee,1.0,0.6666666666666666,0.8,0.5,0.42857142857142855,0.4615384615384615,0.75,0.75,0.75,0.0,0.0,0.0
1d3a4711a22ca8952e929323fa6777d3e5bfbdff,0.75,0.375,0.5,1.0,0.375,0.5454545454545454,0.0,0.0,0.0,0.0,0.0,0.0
202fa35c125a5ee337aa4daf1e3d278959cf89ed,0.0,0.0,0.0,0.0,0.0,0.0,1.0,0.75,0.8571428571428571,0.0,0.0,0.0
20d84bc0377bfeed0813a5b266b286bc0f8cce78,0.8571428571428571,0.3157894736842105,0.46153846153846156,0.5714285714285714,0.3333333333333333,0.4210526315789474,0.2,0.5,0.28571428571428575,1.0,0.5,0.6666666666666666
20dc87bd421067e73ac0c809a19573b339648b11,0.6666666666666666,0.4,0.5,0.0,0.0,0.0,0.7142857142857143,0.8333333333333334,0.7692307692307692,0.0,0.0,0.0
21d7d83e22574349302db52c05fe47dde6042fd8,0.0,0.0,0.0,0.0,0.0,0.0,1.0,0.6666666666666666,0.8,0.0,0.0,0.0
2e7647f5cfed98f97e4a6989fcecd9da4319532f,0.5833333333333334,1.0,0.7368421052631579,0.3333333333333333,1.0,0.5,0.0,0.0,0.0,0.5,0.5,0.5
2fc6ade57e3d581fdf917378cde9033425ddb242,0.6666666666666666,0.6,0.631578947368421,0.8333333333333334,0.5,0.625,0.5,0.5,0.5,0.0,0.0,0.0
3ccab2d624c17acfd3a5d7b06ad981efb8b3d048,0.5,1.0,0.6666666666666666,0.6666666666666666,0.4,0.5,0.5,0.3333333333333333,0.4,0.0,0.0,0.0
40b936aed86b3eca6775709a8ea26edf02f4c99e,0.8181818181818182,0.6428571428571429,0.7200000000000001,0.5,0.25,0.3333333333333333,0.14285714285714285,1.0,0.25,0.0,0.0,0.0
40e64ba20a282d506182ef8c2f62f3f3d6963b14,0.8285714285714286,0.5178571428571429,0.6373626373626374,0.3333333333333333,0.1,0.15384615384615383,0.058823529411764705,0.3333333333333333,0.1,0.0,0.0,0.0
4172e775d5c3fefa46e323de18d1ebb533fc3952,0.8571428571428571,0.6,0.7058823529411764,0.0,0.0,0.0,0.3333333333333333,0.5,0.4,0.8,1.0,0.888888888888889
41c168757833c9232be1d5a71ef59003febd38ec,0.7142857142857143,0.625,0.6666666666666666,1.0,0.14285714285714285,0.25,0.3333333333333333,0.25,0.28571428571428575,0.0,0.0,0.0
4288e0366e5ccb7fdf9693d37d93b6ac0db96a12,0.0,0.0,0.0,1.0,0.2,0.33333333333333337,0.6666666666666666,0.6666666666666666,0.6666666666666666,0.0,0.0,0.0
4375c5d21211092b972e768a844afaefcd7774ed,0.8888888888888888,0.8,0.8421052631578948,0.0,0.0,0.0,0.5,1.0,0.6666666666666666,1.0,0.5454545454545454,0.7058823529411764
4490b855406ac87ea128cbfeea0c5c5280fc212c,0.25,0.16666666666666666,0.2,0.0,0.0,0.0,0.1,0.3333333333333333,0.15384615384615383,0.0,0.0,0.0
4b30662bdae496104da5a3537ff5c6af42572736,0.6,0.75,0.6666666666666665,0.6666666666666666,0.5,0.5714285714285715,0.0,0.0,0.0,0.0,0.0,0.0
52e7161c1f9ddaebb502daf02f7bd0799888aa90,0.6,0.6,0.6,1.0,0.5,0.6666666666666666,1.0,0.6666666666666666,0.8,0.0,0.0,0.0
55ef1f8f77c2341e81bf6722e2a4aae68bc7f14a,0.5,0.5,0.5,0.5,0.3333333333333333,0.4,0.0,0.0,0.0,0.0,0.0,0.0
65336ff8988c599b99753b5a4ce5cf8032ea5a6c,0.8125,0.65,0.7222222222222223,0.5555555555555556,0.45454545454545453,0.5,0.25,0.16666666666666666,0.2,0.5,0.5,0.5
67bec738ec3da9efb7edeb704f8e5536be9d57a9,0.9,0.6923076923076923,0.7826086956521738,0.25,0.5,0.3333333333333333,0.5,1.0,0.6666666666666666,0.3333333333333333,0.6,0.42857142857142855
67c7a26cec121cddad42e3a41bc5da757e13e4bc,0.5,0.4,0.4444444444444445,0.0,0.0,0.0,0.0,0.0,0.0,0.0,0.0,0.0
67c8e49394e9f9060808f31c5e746401c53d6503,0.625,0.8333333333333334,0.7142857142857143,0.0,0.0,0.0,0.3333333333333333,0.2,0.25,0.0,0.0,0.0
68d831b14b8e699283db1c43ee3fd22fed85f1fb,0.6428571428571429,0.5294117647058824,0.5806451612903226,0.2,0.3333333333333333,0.25,1.0,0.3333333333333333,0.5,0.0,0.0,0.0
68d9011b795838ac65eced6d9898386fddb669dc,1.0,0.6666666666666666,0.8,0.0,0.0,0.0,1.0,0.6,0.7499999999999999,0.0,0.0,0.0
68dabfbb3c3013c3d19263746e2ab9af5bebb0f9,0.125,0.3333333333333333,0.18181818181818182,0.0,0.0,0.0,0.6666666666666666,0.4,0.5,0.0,0.0,0.0
68dc07a121cd686c37d49f908c91d3904c53986b,0.5,0.7142857142857143,0.588235294117647,0.3333333333333333,0.5,0.4,0.875,0.5,0.6363636363636364,0.16666666666666666,0.5,0.25
68ddb0b8932e26283ec73ab99578e0a7a38e25ad,0.875,1.0,0.9333333333333333,1.0,0.25,0.4,0.8,1.0,0.888888888888889,0.25,0.3333333333333333,0.28571428571428575
68e1a5853f339d59e611c5f49740f1f8708c1218,0.5,0.5,0.5,0.0,0.0,0.0,1.0,0.6666666666666666,0.8,0.2,0.5,0.28571428571428575
68e9ecfed1fc60b0547dabf1bfe456fd79f50c08,1.0,0.6666666666666666,0.8,0.6666666666666666,0.4,0.5,0.0,0.0,0.0,0.0,0.0,0.0
69c29029debff11675dea44fc92700aadaa06dfc,0.6666666666666666,1.0,0.8,1.0,0.5,0.6666666666666666,0.0,0.0,0.0,0.0,0.0,0.0
69c35408c79661c5f504303022a0aad877d401a8,0.8571428571428571,0.5454545454545454,0.6666666666666665,0.5,0.5,0.5,0.6666666666666666,0.8,0.7272727272727272,0.0,0.0,0.0
69cea03eaa8706d2c3ebd6688a4a2c3235269dba,0.4,0.5,0.4444444444444445,0.25,0.25,0.25,0.8,0.4444444444444444,0.5714285714285714,0.0,0.0,0.0
69e9f23d4eaf7af599ec5c0a90e5bd9367b9a127,0.0,0.0,0.0,0.0,0.0,0.0,0.0,0.0,0.0,0.0,0.0,0.0
69eaa8d37de85aaf3ac51061fc7deab7dd4e531d,0.9,0.6428571428571429,0.75,0.3333333333333333,0.3333333333333333,0.3333333333333333,0.0,0.0,0.0,0.0,0.0,0.0
69f2eaeddce765fa3cbdecb8ace5d643925a408b,0.75,0.75,0.75,0.3333333333333333,0.2,0.25,0.0,0.0,0.0,0.3333333333333333,1.0,0.5
6a36b5017f075658187bd8996117130bf041c9d5,0.8571428571428571,0.7058823529411765,0.7741935483870968,0.5,0.11764705882352941,0.19047619047619047,0.14285714285714285,0.3333333333333333,0.2,0.0,0.0,0.0
6a398df587279960fc04bfb3a418f34798925bc9,0.8333333333333334,0.7692307692307693,0.8,0.75,0.3333333333333333,0.46153846153846156,1.0,0.5,0.6666666666666666,1.0,0.25,0.4
6b5c251f14ccb02ad608f2cd3cabfd86177d8d4c,0.5,0.6666666666666666,0.5714285714285715,0.0,0.0,0.0,1.0,0.3333333333333333,0.5,0.0,0.0,0.0
70a79b0585dd4d3fd798a8baf08e6f40baab16fc,0.9,0.8181818181818182,0.8571428571428572,0.0,0.0,0.0,0.5,0.16666666666666666,0.25,0.0,0.0,0.0
70a84beea162cd7f424c2f9fb43f4073f440cbde,0.6666666666666666,0.5714285714285714,0.6153846153846153,0.25,0.5,0.3333333333333333,0.5,0.5,0.5,0.0,0.0,0.0
70b24efa45167342c69303819b3a8e145b714b63,1.0,0.6666666666666666,0.8,0.0,0.0,0.0,0.5,0.5,0.5,0.0,0.0,0.0
70bbda8eb10bdd269dbdbd64f251faefacd9fd0c,0.3333333333333333,0.6666666666666666,0.4444444444444444,0.0,0.0,0.0,0.75,0.5,0.6,0.0,0.0,0.0
70fb5ac68bcbcc335c2ce9c3ab04e72c3a00a4f8,0.16666666666666666,1.0,0.2857142857142857,1.0,0.14285714285714285,0.25,1.0,1.0,1.0,0.0,0.0,0.0
71c9a27c132e95b6873f593febf4fba912356c41,0.8333333333333334,0.7142857142857143,0.7692307692307692,0.0,0.0,0.0,0.0,0.0,0.0,0.0,0.0,0.0
727e8ad4dcaec8d6bf02065d6c6dfcbda30a3f29,0.8636363636363636,0.38,0.5277777777777778,0.4444444444444444,0.5714285714285714,0.5,0.0,0.0,0.0,0.0,0.0,0.0
72b08e4f42d7a613cd90dde96fcc4701cf9d8288,0.5714285714285714,0.8,0.6666666666666666,0.0,0.0,0.0,0.25,0.6666666666666666,0.36363636363636365,0.0,0.0,0.0
75ce697d58155a95e54893f70c581f3f6c77185f,0.75,0.6,0.6666666666666665,0.0,0.0,0.0,0.5,1.0,0.6666666666666666,0.16666666666666666,0.3333333333333333,0.2222222222222222
75ff2259f78a9e3c428f355073341886182f071d,0.7142857142857143,0.8333333333333334,0.7692307692307692,0.0,0.0,0.0,0.6666666666666666,1.0,0.8,0.25,0.5,0.3333333333333333
76e2b827557011a0bc85d7ce4d9a56037e3a4649,1.0,0.3333333333333333,0.5,0.0,0.0,0.0,0.4,0.4,0.4000000000000001,0.25,1.0,0.4
76e545faae492f3a5e732e312d508d9c0af0cbae,0.5555555555555556,0.5,0.5263157894736842,0.0,0.0,0.0,0.0,0.0,0.0,0.0,0.0,0.0
7759df9e9a6dfbb0b80c1133394b2e91a21f8d03,1.0,0.3333333333333333,0.5,0.0,0.0,0.0,0.0,0.0,0.0,0.0,0.0,0.0
77fc262c408f5284bd6dcbca25376f7e9e4b20a8,0.6666666666666666,0.6666666666666666,0.6666666666666666,0.6666666666666666,0.6666666666666666,0.6666666666666666,1.0,0.5,0.6666666666666666,0.5,0.6666666666666666,0.5714285714285715
78e02695b0ba309168bf21d09d67532eaf1c00e1,0.6666666666666666,0.8,0.7272727272727272,1.0,0.4,0.5714285714285715,0.6,0.6,0.6,0.5,1.0,0.6666666666666666
79a4fbcabce694f7f14332c4375d5b58a53380aa,0.5,1.0,0.6666666666666666,0.25,0.25,0.25,1.0,0.2857142857142857,0.4444444444444445,1.0,0.5,0.6666666666666666
7a554073b70b06f416e6fe7ca6571fa4b44fd17e,0.5,0.4,0.4444444444444445,0.0,0.0,0.0,0.16666666666666666,0.25,0.2,0.0,0.0,0.0
7b734d24b5dc2fdf80eb35b129426bf2936a8234,1.0,0.6470588235294118,0.7857142857142858,0.0,0.0,0.0,0.16666666666666666,0.3333333333333333,0.2222222222222222,0.0,0.0,0.0
7b8279d14d03cea95b3bf5713a04a8b535e5f8e7,1.0,0.6666666666666666,0.8,1.0,0.2857142857142857,0.4444444444444445,1.0,0.5,0.6666666666666666,0.25,0.5,0.3333333333333333
7bc59a38ea5e9d10f95ebce400a95fed5054916f,1.0,0.75,0.8571428571428571,0.3333333333333333,0.16666666666666666,0.2222222222222222,0.0,0.0,0.0,0.5,0.5,0.5
7d78e2d20b471b7b60ba4e3b53f2bc61051834f5,0.6666666666666666,0.6666666666666666,0.6666666666666666,0.6666666666666666,0.3333333333333333,0.4444444444444444,0.0,0.0,0.0,0.0,0.0,0.0
86c2ee6391022c8e4c2dfc8f7c9e2ff11f1ccf54,0.8571428571428571,0.5454545454545454,0.6666666666666665,0.5,0.6,0.5454545454545454,0.7,0.7,0.7,0.6923076923076923,0.9,0.7826086956521738
8822623203f2e477043a18c11c808f4510faf83f,0.5,0.11764705882352941,0.19047619047619047,1.0,0.5,0.6666666666666666,0.0,0.0,0.0,0.6666666666666666,0.25,0.36363636363636365
885b991ac7f9954aa6562937d150287cc89dbe09,0.38461538461538464,0.5555555555555556,0.4545454545454546,0.7142857142857143,0.7142857142857143,0.7142857142857143,0.0,0.0,0.0,0.0,0.0,0.0
8896e52d775172b738e6af945e9170fc130e2a86,1.0,0.6666666666666666,0.8,0.75,0.6,0.6666666666666665,0.25,1.0,0.4,0.25,1.0,0.4
8b91b6e00143cd41ed31874b87280e67ba1e1c51,0.3333333333333333,0.6666666666666666,0.4444444444444444,0.6666666666666666,0.15384615384615385,0.25,0.125,0.25,0.16666666666666666,0.8,0.4,0.5333333333333333
8bb32f5826d5d0a57ce5c9a017a5ddc5afdf8cb4,0.8571428571428571,0.5454545454545454,0.6666666666666665,0.3333333333333333,0.3333333333333333,0.3333333333333333,0.3333333333333333,0.5,0.4,0.75,0.75,0.75
8bdd40c8e9d7d5333898d0958c1e347affe051c2,1.0,0.25,0.4,1.0,0.2857142857142857,0.4444444444444445,0.6666666666666666,0.4,0.5,0.0,0.0,0.0
8fc31e70e7eaaee88bd239f9ee8bd54da768ad68,0.8,0.6666666666666666,0.7272727272727272,1.0,0.3333333333333333,0.5,0.2,1.0,0.33333333333333337,0.0,0.0,0.0
9063890dc57e92cb8c27a7783a4bbb4cf739dada,1.0,0.625,0.7692307692307693,1.0,0.14285714285714285,0.25,0.6,0.6,0.6,0.0,0.0,0.0
9c79e4048c560407c1413f9e4d1483a88a779324,0.7333333333333333,0.6470588235294118,0.6875,1.0,0.4166666666666667,0.5882352941176471,0.0,0.0,0.0,0.25,0.5,0.3333333333333333
9fb563b350c20d6181155a6312f812781e449bd2,0.9090909090909091,0.8333333333333334,0.8695652173913043,0.0,0.0,0.0,0.4,0.6666666666666666,0.5,0.0,0.0,0.0
a39c6d487488570cdaac45a9da65558e58eaf3b4,0.5,0.6,0.5454545454545454,0.0,0.0,0.0,0.5,0.5,0.5,0.3333333333333333,0.5,0.4
a5a02d421aa80ae422b09b611c89fab08deb49c7,0.0,0.0,0.0,0.0,0.0,0.0,0.3333333333333333,0.16666666666666666,0.2222222222222222,0.0,0.0,0.0
a5a7637b9eaa37c334dc39a98b985b413b321d64,1.0,0.5,0.6666666666666666,0.25,0.2,0.22222222222222224,0.4444444444444444,0.8,0.5714285714285714,0.5,0.2222222222222222,0.30769230769230765
a96cc775ea418fff9be20b03ce534d4867738166,0.7142857142857143,0.2777777777777778,0.4,0.5,0.1875,0.2727272727272727,0.3333333333333333,0.75,0.46153846153846156,1.0,0.4,0.5714285714285715
ad0eb12a5772b11b7a27329427fc7c1ef8f48045,0.9285714285714286,0.6842105263157895,0.7878787878787878,0.6666666666666666,0.3333333333333333,0.4444444444444444,0.0,0.0,0.0,0.0,0.0,0.0
af1ff6adc0df3696aa5e77bdf9781205212faf45,0.5,0.5,0.5,1.0,0.375,0.5454545454545454,0.0,0.0,0.0,0.0,0.0,0.0
b3007454b611ca9a2781a118cc1839b961fbe1a8,0.5454545454545454,0.5454545454545454,0.5454545454545454,0.25,0.058823529411764705,0.09523809523809523,0.0,0.0,0.0,1.0,0.2,0.33333333333333337
b7de085a5a9bb3e57e50b1f527c1fcc6f08a3750,0.3333333333333333,0.6666666666666666,0.4444444444444444,0.875,0.14285714285714285,0.2456140350877193,0.4166666666666667,1.0,0.5882352941176471,0.25,0.5,0.3333333333333333
b8b6727156f6742fb5e9fa316c92e424b8bcfd99,0.25,0.2727272727272727,0.2608695652173913,0.5,0.1891891891891892,0.2745098039215686,0.391304347826087,0.3103448275862069,0.34615384615384615,0.9,0.6428571428571429,0.75
bf57ce3dbe5248f16e0297ca4c50b1e681a276ec,1.0,0.42857142857142855,0.6,0.5,0.4,0.4444444444444445,0.0,0.0,0.0,1.0,0.75,0.8571428571428571
bf6a2274b9870b0e260a2425bd55eb0774143574,1.0,0.8,0.888888888888889,0.375,0.3,0.33333333333333326,0.0,0.0,0.0,0.0,0.0,0.0
bf6eedcf596b9987f7b8d879f578f83c31755837,0.0,0.0,0.0,0.42857142857142855,0.3333333333333333,0.375,0.5,0.4,0.4444444444444445,1.0,0.6666666666666666,0.8
c0f59bdd5927aa8553e5640e830250cefc20ffce,0.8,0.6153846153846154,0.6956521739130435,0.4,0.2,0.26666666666666666,0.0,0.0,0.0,0.3333333333333333,0.25,0.28571428571428575
c219328da37af7c23ade557da0783e484ec0ce4f,0.6666666666666666,0.6666666666666666,0.6666666666666666,0.5555555555555556,0.3125,0.39999999999999997,0.6666666666666666,0.4444444444444444,0.5333333333333333,0.4,0.5,0.4444444444444445
c3cef2355afbb68900efe70b24c1b48f68c3fb0d,0.42857142857142855,0.42857142857142855,0.42857142857142855,0.0,0.0,0.0,0.8333333333333334,0.6818181818181818,0.7499999999999999,0.0,0.0,0.0
c3ea6e43b51f70fa4f4968a7c68cb4391a9d63bb,0.5,0.4,0.4444444444444445,1.0,0.2,0.33333333333333337,0.3333333333333333,0.5,0.4,0.5555555555555556,0.5555555555555556,0.5555555555555556
c3ec41a3ca9f0624ebf533ccc0e325172d1489cc,0.0,0.0,0.0,0.5,0.16666666666666666,0.25,0.16666666666666666,0.25,0.2,0.0,0.0,0.0
c7128352cda329c71eaa85636f0405eb608e4e04,0.4,0.6,0.48,0.3333333333333333,0.5,0.4,0.4,0.4444444444444444,0.4210526315789474,0.375,1.0,0.5454545454545454
cc2856da355ca43c4f55f7d5d6760d0a5b263edb,1.0,0.5238095238095238,0.6875000000000001,0.5714285714285714,0.3333333333333333,0.4210526315789474,0.0,0.0,0.0,1.0,0.6666666666666666,0.8
cc7388549854539e807948d84fc37a7b9b20d61b,1.0,0.8,0.888888888888889,0.0,0.0,0.0,0.1,0.125,0.11111111111111112,0.0,0.0,0.0
ccca8cc860b0f58a2ed643d016c022e66536ec42,0.16666666666666666,0.5,0.25,0.125,0.25,0.16666666666666666,0.0,0.0,0.0,0.5,0.16666666666666666,0.25
d305159fb796ddc13ad5dbb31c04d8a7d5c6268f,0.75,0.5,0.6,0.625,0.3125,0.4166666666666667,0.5555555555555556,0.7142857142857143,0.6250000000000001,0.0,0.0,0.0
d415537ea8a0a765e786ef0bb423090e5b8ab391,1.0,0.5,0.6666666666666666,0.16666666666666666,0.14285714285714285,0.15384615384615383,0.3333333333333333,1.0,0.5,0.6,0.375,0.4615384615384615
dbf45ddb53f321bfbc9f72f5443f232e0f64e3a9,0.7647058823529411,0.6842105263157895,0.7222222222222222,0.8,0.26666666666666666,0.4,0.5,0.5555555555555556,0.5263157894736842,0.3333333333333333,0.3333333333333333,0.3333333333333333
ddc527f81c55302c6972a61df336a4ce37619e16,0.5555555555555556,0.625,0.5882352941176471,0.0,0.0,0.0,1.0,0.625,0.7692307692307693,0.25,0.14285714285714285,0.18181818181818182
df8071d652d84b27d411ac00c85a028d7e72fc7c,0.75,0.75,0.75,0.4,0.23529411764705882,0.29629629629629634,0.42857142857142855,0.6,0.5,0.6666666666666666,0.8,0.7272727272727272
e6b851358e3c2e5391b42141518630bba1bf1eb7,0.8,1.0,0.888888888888889,0.6666666666666666,0.5,0.5714285714285715,0.0,0.0,0.0,0.0,0.0,0.0
e8e0c65bd956546ea81e8d2bd81f6aaec94831d5,0.8,0.8,0.8000000000000002,0.0,0.0,0.0,0.25,0.5,0.3333333333333333,0.0,0.0,0.0
ec92eeb018ae9348d93ef9b2dd80cc81fed3c2eb,0.8,0.8,0.8000000000000002,0.6666666666666666,0.25,0.36363636363636365,0.0,0.0,0.0,0.5,0.5,0.5
f4044e398c7a68b1af43995677bdf80ac0657014,0.6363636363636364,0.4375,0.5185185185185185,0.75,0.15789473684210525,0.2608695652173913,0.16666666666666666,0.6666666666666666,0.26666666666666666,1.0,0.5,0.6666666666666666
fe3dd15fe1b59a96fe4162553279dd1ed263d121,1.0,0.6666666666666666,0.8,1.0,0.6,0.7499999999999999,0.6666666666666666,1.0,0.8,0.0,0.0,0.0
feb0bd824bfa76f71edccd48c1f167b42a210c8b,0.7,0.875,0.7777777777777777,1.0,0.25,0.4,0.0,0.0,0.0,0.6666666666666666,1.0,0.8
ff0f9801334d6f97b2b05c390a7313cfc3e64140,1.0,1.0,1.0,0.0,0.0,0.0,0.18181818181818182,0.2857142857142857,0.2222222222222222,0.0,0.0,0.0
ff18a63fb30d6b696e725f2d4009ddd13a4146a2,0.0,0.0,0.0,0.5,0.09090909090909091,0.15384615384615385,0.6470588235294118,0.5,0.5641025641025642,0.0,0.0,0.0
ff6bb1e8a47fdd6c32f14201b7aa50dd7720a9ca,0.5555555555555556,0.5,0.5263157894736842,0.6666666666666666,0.2857142857142857,0.4,0.4,1.0,0.5714285714285715,0.3333333333333333,0.18181818181818182,0.23529411764705885
ff95cbf06bc9e4b2b0c4bb7b46794e63cacaa834,1.0,0.5,0.6666666666666666,0.8,0.36363636363636365,0.5000000000000001,0.2,0.5,0.28571428571428575,1.0,0.6666666666666666,0.8
ffcbb4742e7df96316bda9385d8ec14078aa5b3f,0.8333333333333334,0.6666666666666666,0.7407407407407408,0.5,0.16666666666666666,0.25,0.0,0.0,0.0,0.5,0.047619047619047616,0.08695652173913042
ffd480659edff188a04fbd2114b0f63113669407,1.0,1.0,1.0,0.0,0.0,0.0,0.75,1.0,0.8571428571428571,0.0,0.0,0.0
fffb9fbf64cc936c10ecef14b684ac67b6b6b9e7,0.75,0.75,0.75,0.8333333333333334,0.38461538461538464,0.5263157894736842,0.16,0.3333333333333333,0.21621621621621623,0.5,0.25,0.3333333333333333
