people,location,organization,date,full query,full_model_extracted,people_extracted,people_extracted2,location_extracted,organization_extracted,date_extracted,weighted_result,full text ndcg,weighted ndcg,,full_model_time
Obama,Syrian,,August 21,Obama Syrian August 21,"[[704.8492026824752, '7c92dfbe87df932adb68698797062bd94e60fc1f.story'],
 [704.8492026824752, '593fc7f0423ea2dbbe05433905d0a09f2860c883.story'],
 [574.7913339091226, '0534697013f80aeaebd88c82c051ad370d7c7c2e.story'],
 [517.3122005182104, '5c50df43dd4067579c615b6b3489595416d2057c.story'],
 [517.3122005182104, '02784c2d34a1adc62cc401d7489aaab3c200a750.story'],
 [513.2520913794343, '32adab6c8ec29462d1ab08f8afd2a18d73a2479b.story'],
 [505.7022903836703, '6dde3410123d2efd5fc63a258d1e97b6336b6e30.story'],
 [505.1318731018823, '88c820959b85a88f88d89d6b9eeb5fc1d8562296.story'],
 [498.15248938790626, 'c4e9d4945de1b5f8214149d73c85e2ba2160069f.story'],
 [498.15248938790626, 'b4631c1e11441405792cbb8be1f26ec8f49f5629.story']]","['d75747a87ac6c574f7bb11080f38f1563ed14b46.story', 'd27044bfb4bc281dc8349aac09dad2e64be09411.story', 'ce8cf58260bbc82772d666ece733044297a1e680.story', 'c7fb0295ad6226798e65332c841f6a1508eb9efe.story', '73ce0c3dc5c0752bdb392ccae44bfb53cec60dfb.story', '7b9c0b64b7143a632af9455ce932c0a722b4e098.story', '72ba50a8077052f867a02c670d7f6ed874f4ba12.story', '057d4a3cf662f1bea473535288325bd481dd3b53.story', 'fbf5bd723e4c01a5fa2d0236d6eebe90f6527c2f.story', 'f29dd2478dd7000ecce5d27fb9225c798572aec3.story']","[[82.93911952719547, 'd75747a87ac6c574f7bb11080f38f1563ed14b46'],
 [52.779439699124396, 'd27044bfb4bc281dc8349aac09dad2e64be09411'],
 [52.779439699124396, 'ce8cf58260bbc82772d666ece733044297a1e680'],
 [52.779439699124396, 'c7fb0295ad6226798e65332c841f6a1508eb9efe'],
 [52.779439699124396, '73ce0c3dc5c0752bdb392ccae44bfb53cec60dfb'],
 [45.23951974210663, '7b9c0b64b7143a632af9455ce932c0a722b4e098'],
 [45.23951974210663, '72ba50a8077052f867a02c670d7f6ed874f4ba12'],
 [45.23951974210663, '057d4a3cf662f1bea473535288325bd481dd3b53'],
 [37.69959978508886, 'fbf5bd723e4c01a5fa2d0236d6eebe90f6527c2f'],
 [37.69959978508886, 'f29dd2478dd7000ecce5d27fb9225c798572aec3']]","['fb9b5359e2725ea54bda8c50e9550304b769c76f.story', 
'e0dc3231219dd4722b750788f4e76c051714dff2.story', 
'd83befaa44dd21c5f6727c3a1d7a44c85ad27c74.story',
'd449f48bc797e7e88c375f8fea0fd28a811776a9.story', 
'b60a855af5a7518790f48ec703e1edd877cff7c3.story', 
'b4631c1e11441405792cbb8be1f26ec8f49f5629.story', 
'b40d18901ba899522408d4a096fc3e94b321516a.story',
'b2d1b9542cb8a39b86971363c4672fca988ccdcb.story', 
'b26bf28d8a6e264e10899772eb47bfde2df9c882.story',
'a7da57832ea38f01305ae64f2e4051ebf50ef7ea.story']",,"['1f11bd8d3f385a9f0f6f532e9fc32a9a40a98553.story',
'c5149a4a1c712f98e968b50924b668f1cbc7deaa.story',
 '5fbca5cd7005ac3d0f08fbdf86871d5f0d2c01ba.story',
 'e834c73f47795a25eaa92e45160f83c06d7898f9.story',
'70952d29c9b7db955fbabde8800a629665a0d24e.story',
'3584657a74ffb3752bba6b28dcbf28cb6a2ca4f2.story',
'8e580d29efc7ff23499c1f5cdb9a3a823f4105ef.story',
'ffde6b21a87d7e4a8e88aa05fbc3c12a740bb828.story',
'd4d2c1a7c7c0941b56939c714ded7c7538f5c0d0.story',
 'd3d78492f873aa17ec5bc8a32073fed0631b1df7.story']","{'58ebab0b4d8c30ed1083797506067bef0ac51fe3.story': 0.5706427130721774, 'b360fdd24dce0e1dd5c965c2d75934b6e7c436e0.story': 0.4293572869278226, 'edab4195c86f7ba9785739199c6b58fb8973ec96.story': 0.4293572869278226, '6ebe49879bebc8edf3528fa87c3741d4aadc7e50.story': 0.4293572869278226, 'd36ea6ec8634a0dc766d4edea7b83ee7afa05e0c.story': 0.4293572869278226, '8aa22dd4e6aac06d9dcce54719bfad26f125a0c5.story': 0.4293572869278226, 'ce696fe5e7a044e1de51f53821f153e2b686296a.story': 0.4293572869278226, 'ce8cf58260bbc82772d666ece733044297a1e680.story': 0.4293572869278226, 'a22230a267a6d8004240790f8ca3605f9d7d9e8e.story': 0.4293572869278226, '84038ccf99670adfbd99f1d54c0ea9ba6be2cd8b.story': 0.4293572869278226}",0.5801476232,0.2200917663,,265.06 second
Kamal Prasad Kharel,Nepal,,,Kamal Prasad Kharel Nepal,"[[1048.2754392627355, '924952ce39971dcb313655faaee652f136859067.story'],
 [1016.5335552641478, '282664f438689afbd764c224baf962661cf40a28.story'],
 [898.5218050823447, '037b49be7f2d2f7b0b9eb48e7bc7e9f97ad2971d.story'],
 [861.0833965372469, '03e71bbf2d299d2204c90cf823180eb3398895c4.story'],
 [804.2846486213683, '000cd1ee0098c4d510a03ddc97d11764448ebac2.story'],
 [748.819818047203, 'bc5c143bfab220756a685ee3c781718787af3205.story'],
 [711.3297623568562, '8a9b3990f6359011f783c51ac2af1ae1434bd2ea.story'],
 [711.3297623568562, '048e048c534464b6658d94e25ba85aea46d87094.story'],
 [652.2466991247728, 'd004872ef76edb3a041bee088369d0be5e305a0a.story'],
 [652.2466991247728, '362c985285005f7ce7add80f24250e2f0109f144.story']]","['d004872ef76edb3a041bee088369d0be5e305a0a.story', '362c985285005f7ce7add80f24250e2f0109f144.story', '000cd1ee0098c4d510a03ddc97d11764448ebac2.story', '7f81fb2fb5d782ad12a5a4e68b3b7e8a77b45ffd.story', '3205427a83060a5bb00698e67544893ed47e4371.story', '1c8cdbbaf79acd0f76063b406ee444171e2a64d1.story', 'aa4a620477d10464c9a0ee00cb35b481a0e78338.story', 'f26cb2fff0fd60f91c760d048058b83b03f78920.story', 'e92e04ffef3ed555d6960b86eb88ba4295f3d171.story', '98c4f0d9afd6291277dda07c9b43e2ca275b4762.story']","[[353.26330360352404, 'd004872ef76edb3a041bee088369d0be5e305a0a'],
 [353.26330360352404, '362c985285005f7ce7add80f24250e2f0109f144'],
 [353.26330360352404, '000cd1ee0098c4d510a03ddc97d11764448ebac2.story'],
 [229.19908190299557, '7f81fb2fb5d782ad12a5a4e68b3b7e8a77b45ffd'],
 [211.0931356502784, '3205427a83060a5bb00698e67544893ed47e4371'],
 [194.4286002506213, '1c8cdbbaf79acd0f76063b406ee444171e2a64d1.story'],
 [184.96391950159057, 'aa4a620477d10464c9a0ee00cb35b481a0e78338.story'],
 [140.7287571001856, 'f26cb2fff0fd60f91c760d048058b83b03f78920'],
 [140.7287571001856, 'e92e04ffef3ed555d6960b86eb88ba4295f3d171'],
 [140.7287571001856, '98c4f0d9afd6291277dda07c9b43e2ca275b4762']]","['faff2ef30c5cc092157a64c5bab22e285c941dc9.story',
'dec30e3a5abd2e43b3399c617bf1ca6022978c08.story',
'c2a26444557a3b30b8d52566e6cedecafaee7fa5.story',
'bd9f4641ed4a07d581588a2d366cd9fa7dc0e0ec.story',
'a31afcd7d2779a3e6afb24c51536f65c00c1b927.story',
'9a9b6e08e4052589969fea433812172d4e9c82b4.story',
'77db4cf538371f5dd9e3e0a1a84840f9d721751f.story',
'67a6f31b2e9474e7f481fd9d9a3ed3d9fef4e5b6.story',
'5c5a545510f8037cde3b7af21501b5470df7b55a.story',
'4e9e91b015e346e6a29a1342db6baf91e368bd7d.story']",,,"{'fd37841250c59d314c7d1282b88d795e59c1f030.story': 1.0, '652f1fc7d767170a3900cd1219caca79c8b7b789.story': 0.5651108675245213, 'e0be1413433e38bb3f58951795d8bad44611ebfe.story': 0.5651108675245213, '88d959ef926db69dbbe561564520ab120da62524.story': 0.5651108675245213, 'ff216ab0b56a863ab9bc2f5b6ed04ef11269e178.story': 0.5651108675245213, '3073d1bc317c8db166ec4cb357c3f4e3df5d3913.story': 0.5651108675245213, 'aa4a620477d10464c9a0ee00cb35b481a0e78338.story': 0.5651108675245213, 'bc0ece35c5abe0bf56b60f912980f84d00e6d036.story': 0.5651108675245213, '5078ba60fe46925744697fdbf02bd16b0df707b6.story': 0.5651108675245213, '31a5f9e7c47627da8607eb5a7997df648f9a3911.story': 0.5651108675245213}",0.7827392871,0.2934556884,,
"Casey Kasem, Kerri Kasem, Julie",,,,Casey Kasem Kerri Kasem Julie,"[[9307.125106431482, 'cc7b5faa3425998c8bf3fd3e90c9920d51284e91.story'],
 [8609.559857056454, '299a0d9d14fe8f66986f6658d1c394e638aec8f1.story'],
 [7308.250813958928, '8d1554550b83cef5d317c33ce818d283ac43cfdc.story'],
 [6970.950226290677, '3d8e69eebcac7d16675ce05fda05053dc690ba38.story'],
 [6367.1559518370495, '40dc38daaf706fd1552e815b5a8d130c94d8790a.story'],
 [5760.333765971322, '154a428c2c510dce1def52c1854063da1b5b0814.story'],
 [5523.831946436666, 'd77d1960fc5b66cee7c500811b4b9bfb36acdf44.story'],
 [5501.984915245651, '2d18cf90f0d687179d84a7c0058040cc5c4b5255.story'],
 [5140.955689830488, '3469dcbfa15c57c36c4b6e70d4e2af7c81865be4.story'],
 [5139.69763834822, '54f87a56a7487f01b93929148f744c909af4d982.story']]","['cc7b5faa3425998c8bf3fd3e90c9920d51284e91.story', '299a0d9d14fe8f66986f6658d1c394e638aec8f1.story', '50e62c7fa648c10ab1547169cc94d8ce0afa3717.story', '40dc38daaf706fd1552e815b5a8d130c94d8790a.story', '3d8e69eebcac7d16675ce05fda05053dc690ba38.story', '26119856ca6aaac1606b41a31176aad1ce585cce.story', '54f87a56a7487f01b93929148f744c909af4d982.story', 'd77d1960fc5b66cee7c500811b4b9bfb36acdf44.story', '8d1554550b83cef5d317c33ce818d283ac43cfdc.story', '5468413e75a18f8d7acb2d26c2b80bddfc9adb99.story']","[[1477.255862911837, 'cc7b5faa3425998c8bf3fd3e90c9920d51284e91'],
 [1477.255862911837, '299a0d9d14fe8f66986f6658d1c394e638aec8f1'],
 [1428.718894965823, '50e62c7fa648c10ab1547169cc94d8ce0afa3717'],
 [1369.2842742068997, '40dc38daaf706fd1552e815b5a8d130c94d8790a'],
 [1338.3601001227294, '3d8e69eebcac7d16675ce05fda05053dc690ba38'],
 [1258.898958092545, '26119856ca6aaac1606b41a31176aad1ce585cce.story'],
 [1222.7025413954602, '54f87a56a7487f01b93929148f744c909af4d982'],
 [1199.4643373336212, 'd77d1960fc5b66cee7c500811b4b9bfb36acdf44.story'],
 [1199.4643373336212, '8d1554550b83cef5d317c33ce818d283ac43cfdc.story'],
 [1199.4643373336212, '5468413e75a18f8d7acb2d26c2b80bddfc9adb99']]",,,,"{'aaf45d2545e434aa4c3de49781626ba23d2e8588.story': 1.0, 'bba26e88b12d163048348411f97fa5d6423189ed.story': 1.0, '8dc44a958a4ee27c0e31dc05994f88fb071476f0.story': 1.0, '677acae5ab0ca650580391e84465c8486a3370f2.story': 1.0, '299a0d9d14fe8f66986f6658d1c394e638aec8f1.story': 1.0, 'b4f37bd97d12e37544914ead793aff1d4813736f.story': 1.0, 'af094660f387c3e7386011a77787233aacf0c5a3.story': 1.0, 'b014d50a35c2a2540eaade3b936ca378fc90b150.story': 1.0, '4d0e05458c944ef21ca813e345c46a42a1f54752.story': 1.0, 'caa8836d415d56d31e79020c8fd38fb022a85e4f.story': 1.0}",0.9148568824,0.5779050396,,
,,"Hawaiian Airlines, ExpressJet, American Airlines",,Hawaiian Airlines ExpressJet  American Airlines,"[[1487.5299708333444, 'b60eb9cd0e9147cc321d2947614af4d058a021f8.story'],
 [1487.5299708333444, '80fbbeaee790a3dbc63295a40de8a80f3228dacb.story'],
 [700.3687991572709, '09e988dd38f0a8f7bc0e0f4f1751960b5b1fe7ce.story'],
 [540.4617119728669, '8da618345bca4a491c88e55b479ea18c3484f9c3.story'],
 [533.792929595824, '52b888ebc1905fd3eded2cd5d1f2e86f4b62db2d.story'],
 [453.17981121941057, 'dfedf6786976733d8e33e7848ea8a7aa735bbcab.story'],
 [444.8274413298533, '54b260df4e6735fe8f1d17c86365bed0dec375bd.story'],
 [411.9816465631005, 'f2ab65bb852cc93aaeb521f0f65fc2ffd14e996c.story'],
 [411.9816465631005, 'eb41c26ee9799b8655347a82a741a207ffc58ee1.story'],
 [411.9816465631005, '4859adfa074b276dfc6d8c0bea66bc64c31e50ee.story']]",[],,,"['f9743bb5c88b874829135f9c25d36b15eb1aa3b1.story', 'a6ed6120844f997e4990a0b03d7884bcf43d2247.story', '23e568dd2ab9debff41a02b6e851691632cb0bf5.story', '44cf4f4a4a3e5431e5c7cac406f09ad732e8aa78.story', '380eb0d13299ba891bb8a852bd23a0f717354d0b.story', '25a33eb65b222fa7f605dd717337e63189e037ba.story', 'cd58c073b179b0a77c276a687bce3afaf78b3246.story', 'b8789927e81bc2a0d62a992143bb8a80ae315928.story', 'ab140d6fd1b1da8c75511ceacf3933ccd9f42d99.story', '7115a62349535f81ed8eb1693fba10b593c87680.story']",,"{'1b159c8887c07d6c06404b36e3d85885e16d0e61.story': 1.0, 'e59f03b5251ed7d6a5f362c86dbc587cd711440b.story': 1.0, 'f0f4182299ba9f8eb55973ff969ac82c17e6c0fd.story': 1.0, '4e411a7cb1f84ed45bfe18aa1ad86bc7a56e7282.story': 1.0, '888a8406c148400a875c5fada547266a349675c7.story': 1.0, '5759805f9574d225c2fd245cd90125c04c626e43.story': 1.0, 'a1aac70c2bb2a7fce1d624892561e7e33d37d31f.story': 1.0, '9bc24285f03a51854eb44b5411feb922b01f8b0c.story': 1.0, '716bcdfbf6d1c34a3cc55e2eaa9a1bd2b824ef7b.story': 1.0, '161924a2cc05a65cd69d0ac9fdf3a362fbd59736.story': 1.0}",0,0.0733639221,,
"Kyle White, Barack Obama",Iraq,,"September 11, 2001",Kyle White Barack Obama Iraq September 11 2001,"[[984.7327950141594, '16a4d86f1eeff3efdd04551d8ddb01e6ad28b829.story'],
 [981.7728507071756, 'b86cda6aef810c585499fd1845a19773e4f9994b.story'],
 [892.0446642989303, '61a9161b47fec79bd7a4c06fc1b1cc5dd45f55d4.story'],
 [852.9320349240496, 'bdc35b8a5f9aa7739684269fe51b2d02d9b23c39.story'],
 [833.5373585055139, 'b727c819afe97dd6e9fb401b77217b26e208436d.story'],
 [813.8194055491688, 'c55f774337d5c718d04300be5a1aed4dd22124e4.story'],
 [803.6325201052227, '720af0a8973d41a8107d45dc76aee99e6f3815c5.story'],
 [787.0316548789947, 'ee0913bfacbc2f75ba199d8f3eb9b0f0d2af2c48.story'],
 [747.9190255041138, 'd1c95768c0cb48a66a05be5e0d8d6b40c09f3731.story'],
 [709.7854905985894, '45215590381514c037fb10caac0a8373f14b5876.story']]","['5485c4fb7f3535eaabdb47bd2f2e4f48adc17c5e.story', 'bec040c553fb14c179be46b943cc97b93eba8130.story', 'ef5678662fcc46651a11994945b52f4e8897e719.story', '4313da2968cd2df2561a6c2ec4d7bef8a19819e9.story', '3c03c8b74b21b6076f69a7d5a043e6dae7ff182b.story', 'cdcc9fbf3d346d097890537f2a3480eef192c1c6.story', '1c85f6058cf692283da93ea0ef5008d16c23d744.story', '73ce0c3dc5c0752bdb392ccae44bfb53cec60dfb.story', 'd75747a87ac6c574f7bb11080f38f1563ed14b46.story', '000e009f6b1d954d827c9a550f3f24a5474ee82b.story']","[[172.66861737491274, '5485c4fb7f3535eaabdb47bd2f2e4f48adc17c5e'],
 [147.26135067800573, 'bec040c553fb14c179be46b943cc97b93eba8130'],
 [142.88003386203977, 'ef5678662fcc46651a11994945b52f4e8897e719'],
 [135.340113905022, '4313da2968cd2df2561a6c2ec4d7bef8a19819e9'],
 [135.340113905022, '3c03c8b74b21b6076f69a7d5a043e6dae7ff182b'],
 [132.11456466998504, 'cdcc9fbf3d346d097890537f2a3480eef192c1c6'],
 [132.11456466998504, '1c85f6058cf692283da93ea0ef5008d16c23d744'],
 [125.07142717922488, '73ce0c3dc5c0752bdb392ccae44bfb53cec60dfb'],
 [124.24882665868147, 'd75747a87ac6c574f7bb11080f38f1563ed14b46'],
 [123.58150048224417, '000e009f6b1d954d827c9a550f3f24a5474ee82b.story']]","['93341aa3b282793a36d33ef6f80dfc52b33b70e0.story',
'7778ad3a29eb050762b510791a456163ebd27de3.story',
'fd0b514505e1bacd25705b6b54c60cce3465417d.story',
'f8f3df00e7ea05c2419d6cd8905d91c7ed30b048.story',
'f864682d3cb627dfe638edca007c6383fcaaab24.story',
'f61047c615d360bc9e2f9a6726ed2c19fcb5f545.story',
'ed0596e6105b2d827647ada10505f448c47b9be9.story',
'eacb27e682b65ae7cc66dd7342742f90c6cf8bf9.story',
'e5fc796f6030dbd7e53c3557f1e1f29370e277a1.story',
'e300062a876af693189c3879405819b18f1c44b5.story']",,"[ '1f11bd8d3f385a9f0f6f532e9fc32a9a40a98553.story',
'4bf97f13dda2f362b1dd6dfbff7a0a3d6943526c.story',
'290c3d5c20910b4196053c54aa863b1f4e54943f.story',
 '63848c07fbed0d4f8921d5a0ab98974ab424054e.story',
'1a8a12710f5eb1f962f7b196c604584a3bba9d91.story',
'e440eae2006f26634551f4ae651e8d93f079ca7e.story',
 '6594a3e14f383d4246942a86b8c830b52fdd6709.story',
'd2adfc11c782ad5008db5ee1882948f2fc9ce337.story',
 'ccddda9776362b7c33dd52373591fd851d4cc416.story',
 '3353b5bb5dda58d473ab72cebf72d2d23aca82b0.story']","{'ffb54985f1394c7402dafa196f247996a7cf9843.story': 0.6695819727339368, '9633a0a64ec2b0f06aa613b31dfb0a0cc36e18db.story': 0.4293572869278226, '79117361d0bed0a7a3c78d0ea80463b9020523fe.story': 0.4293572869278226, 'ce8cf58260bbc82772d666ece733044297a1e680.story': 0.4293572869278226, 'a3ffe47f475fbd386bcb900166f9d72ad02817b1.story': 0.4293572869278226, '35bc8a27dbe69c9efd340e4c9e382bd820de8b60.story': 0.4293572869278226, 'e9493e7c278c7ff3733a09c9df37a21700f45c53.story': 0.4293572869278226, 'ba29711eb9e081df92ad1775f97d33fa4e492a44.story': 0.4293572869278226, '73ce0c3dc5c0752bdb392ccae44bfb53cec60dfb.story': 0.4293572869278226, 'e3b077b71785f8e9dbffa333cb70afc3b1b50c18.story': 0.4293572869278226}",0,0.2200917663,,
"Westergren, Dae Mellencamp",Las Vegas Convention Center,"International Consumer Electronics Show, Microsoft, Amazon",,Westergren Dae Mellencamp Las Vegas Convention Center International Consumer Electronics Show Microsoft Amazon,"[[1379.0028274592567, '7fcb5b40408d10a538bd53ddf9bc167453cf84c7.story'],
 [1034.2122578429628, '2cedeebe8763a6403ce10c5d8235fb68047281bd.story'],
 [1029.0457620215782, '24bc9cb7e543a13eb1059a192ce72611ea3c5dab.story'],
 [1002.2089623957504, '001097a19e2c96de11276b3cce11566ccfed0030.story'],
 [986.1417464651864, '8e79318962a785d5e9aa983769480fb44a92fdd8.story'],
 [980.8189359859887, '9c12c4f519c895ff9deafbacb6ab9392398bd830.story'],
 [978.1015409595423, '04d52f01c0da0453e487f1adf227a2b99ea3d416.story'],
 [892.0246295101223, 'd6563e198612d8701924e63c418bf028eb2eba7d.story'],
 [853.3336096386545, '32bfd5502f8e3367ead9cb3d4cae583c9583e893.story'],
 [826.663438995331, '1a3696b9ad446e3c4e7577f2065ebe6c4872c21e.story']]","['001097a19e2c96de11276b3cce11566ccfed0030.story', 'fa9b828dfd8479a4b341e83c4dfe49ae9298c421.story', 'f59665c7a05114a92cfda19b26233cabcec81b5c.story', 'db8f111f85819b5383690599ee98b0a2577ba698.story', 'ac5bf031b49b25f6d5dcba06caee4dd6e5e3c88c.story', '72e2f1bda9d105000849e5137ddd06f84225155a.story', '2ceccc40471cce0042d2199e13345469cdf2ef3d.story', '27c35d01816bc0d3241405a4d3b29b24c98f9c60.story', '276168afb324b063f2ece7feb357e480bcd31fc0.story', 'b1c542dddffd7b6779109e1d77489e5db4516dd9.story']","[[309.4713710093108, '001097a19e2c96de11276b3cce11566ccfed0030.story'],
 [192.778955936726, 'fa9b828dfd8479a4b341e83c4dfe49ae9298c421.story'],
 [192.778955936726, 'f59665c7a05114a92cfda19b26233cabcec81b5c.story'],
 [192.778955936726, 'db8f111f85819b5383690599ee98b0a2577ba698'],
 [192.778955936726, 'ac5bf031b49b25f6d5dcba06caee4dd6e5e3c88c'],
 [192.778955936726, '72e2f1bda9d105000849e5137ddd06f84225155a.story'],
 [192.778955936726, '2ceccc40471cce0042d2199e13345469cdf2ef3d.story'],
 [192.778955936726, '27c35d01816bc0d3241405a4d3b29b24c98f9c60'],
 [192.778955936726, '276168afb324b063f2ece7feb357e480bcd31fc0.story'],
 [172.37535343240708, 'b1c542dddffd7b6779109e1d77489e5db4516dd9.story']]","['7bac093e1e382eaecd8b4325ba02e6ed57c7e5c1.story',
'630d5f6b089ae2c2e80422acb9692e709ee5ffba.story',
'1f50bfbeba9ac28d5314d6b733af4e1ae187cda9.story',
'd188e78d441a763c5d6b208edf7c7d9d7dcd27e5.story',
'a46bc1ac4b4a0c71d0b3e6c97bd99114c4deb307.story',
'803cfdf43c7d41cb2e0ce36f0676d9e5d2eb5c0b.story',
'fe7c4092e86007cce637c87271d57dcd336a0aa8.story',
'870ff5320f3b5355bca57b7e99585bfc3328f4cc.story',
'632ae37a228b798efa0890320e2eb8d8310dd895.story',
'0c50f96ea4afb45583c694715ead9b6765d0af3b.story']","['0bb6fa31b610b418f94f11ed10c134c5912f5612.story', '5f6a4ec5814b714bf34c7f583f305719108b9a51.story', '8194675bf811262ae0112d74fc11701ab3941bb1.story', 'ae100ad15d2f50a5f3eac78423daf7398f856adb.story', '4d3809b08070dc9405d9003dde567b8ef2fce718.story', 'f9e4aedf6405f416e98f441ed295abe270b16c92.story', 'e35a486491cd5985e491442cc11f2af8112eb09b.story', 'cb5e10d952be3251b9f6ac5413e46ec4b9437051.story', 'bbb32a5fe42fad939f4cfcd149c79ec24bdd1d48.story', '4162ea0564ac2459ef356dbfd209f1651664b04f.story']",,"{'15afaf144a8b865b2d3ca6cdbe9771b2575f6301.story': 0.4184980519013549, 'ffff924b14a8d82058b6c1c5368ff1113c1632af.story': 0.4184980519013549, '57f3da56acb8ddd3d4161da8489d39779597fb54.story': 0.4184980519013549, 'ffff5231e4c71544bc6c97015cdb16c60e42b3f4.story': 0.4184980519013549, '361e285ac81733463557f43ab6b78a2cb0705cc8.story': 0.4184980519013549, '3ea133cada64cbf7e237d742a5cf3e47d84c220f.story': 0.4184980519013549, '20d83fe3a98755949ed2ba975f9faaa00fbc95cd.story': 0.4184980519013549, '93bde9cdf87010bb792684a82a586a25746f0385.story': 0.4184980519013549, '907d878f18983de75b42b0c53ab902a49a28ffcb.story': 0.4184980519013549, '096f58c0f6dba9891e6b0b13e457c4dd4002da6d.story': 0.4184980519013549}",0.09478836437,0,nuo,263.35 second
"Omar Gonzalez, Rosemary Collyer",Columbia,,September,Omar Gonzalez Rosemary Collyer Columbia September,"[[916.0703309162218, '9d2265e4313a526678eb335176887686404d9a9d.story'],
 [915.5921952786971, '38d97e3140aac152da625dbd15248335faf53fa2.story'],
 [908.2787400507484, '00142065a6c92f788eacd40c9023184808a7e2d1.story'],
 [880.9731681638223, '9e679f10d3ac97826ad3cf68201cf31a9570c3a1.story'],
 [851.3987588836976, '220d5acf69f33f5a41853eeb7e37562fd6d08e1a.story'],
 [809.3405470683828, 'a0337fe858bd009c5a5f9709be98606dd19bcfee.story'],
 [774.2433843159836, 'e89099b456c038889f605e9bdffad4ff7ddb9d58.story'],
 [774.2433843159836, '86611550b842af5059ee8636be1ff486eaf1fec7.story'],
 [768.708587745388, 'c2fb1db3777316951d17b72bb1568e6884303b78.story'],
 [736.7516546978941, '922e19c9da822d58dbf1d0aff617f0d02bbb015f.story']]","['c2fb1db3777316951d17b72bb1568e6884303b78.story', 'c661a74429cc2b0bdd368da694ff771a229d35df.story', '00142065a6c92f788eacd40c9023184808a7e2d1.story', '220d5acf69f33f5a41853eeb7e37562fd6d08e1a.story', '2d4479dace037f8aed8f4f6c189179252a5af7fb.story', '94ddd70b9be7a2cde7ad70c809701ad897c975b9.story', 'a0337fe858bd009c5a5f9709be98606dd19bcfee.story', '3fca72b61baa42f3b1de154658e3cf165289b3d8.story', '3928112d5cee1bba6a209280832300e13bc80aa3.story', '00ce98e7bde3cd10a03a21153192bbf794c54636.story']","[[397.1104304075134, 'c2fb1db3777316951d17b72bb1568e6884303b78'],
 [379.2298454241386, 'c661a74429cc2b0bdd368da694ff771a229d35df'],
 [334.54096543771954, '00142065a6c92f788eacd40c9023184808a7e2d1.story'],
 [299.5268745342832, '220d5acf69f33f5a41853eeb7e37562fd6d08e1a'],
 [292.7506676196905, '2d4479dace037f8aed8f4f6c189179252a5af7fb'],
 [281.6462895509084, '94ddd70b9be7a2cde7ad70c809701ad897c975b9'],
 [250.2778598791752, 'a0337fe858bd009c5a5f9709be98606dd19bcfee'],
 [195.16711174646034, '3fca72b61baa42f3b1de154658e3cf165289b3d8'],
 [195.16711174646034, '3928112d5cee1bba6a209280832300e13bc80aa3.story'],
 [195.16711174646034, '00ce98e7bde3cd10a03a21153192bbf794c54636']]","['db06293581161695e19e7b04abf75e669e7db2ef.story',
'fb01e757ad96f643cf3e9c7c46ad9ecd50944576.story',
'512636f03603c21cabe21c150d4febe65e70cf20.story',
'3f6449ab6b4ccbf278b638750d418e6e8ef614bb.story',
'2a05d80cdb5fe2a6a8cc4e025028471606ac0ce4.story',
'078f7c31b354c12a538de09126e939047b1e6632.story',
'fb7c721a0f74ade501f83c66276cb195cecef9a9.story',
'f690ed3b77871aee278637d93c392773bcf5acaf.story',
'f00c8284755f26959314816e5ac5a8af55d0f162.story',
'eefef7bdaf71f964726017c50159b022bc46d8bf.story']",,"['1f11bd8d3f385a9f0f6f532e9fc32a9a40a98553.story',
'4bf97f13dda2f362b1dd6dfbff7a0a3d6943526c.story',
'd4d2c1a7c7c0941b56939c714ded7c7538f5c0d0.story',
'70952d29c9b7db955fbabde8800a629665a0d24e.story',
'55dbf382be29f63031103bd8db09cf196816817a.story',
'cac97e6d4bf6a0e5b2bed20f0d000cf326cb685c.story',
'72a15ad8bbd6120201251a0870eb8ce1a3305cf8.story',
'59549f0eeddd9007600c672cc9c3d55d3055d0c4.story',
'0cc9c8272078e0f868920254060d369b8114038a.story',
'f98f944a7eeb70e68113eace2fbabbe218ae3d1b.story']","{'220d5acf69f33f5a41853eeb7e37562fd6d08e1a.story': 0.7597753141938858, '549ace0f7c032d3cd9d560a891cd51a0014d0c99.story': 0.4293572869278226, 'c2fb1db3777316951d17b72bb1568e6884303b78.story': 0.4293572869278226, '460ddc9ef7713c8d681a7b90a22e5ec81efafb61.story': 0.4293572869278226, '507867ec4f1877dfa6e8f0dc61a8a7826672d639.story': 0.4293572869278226, 'bbfae9572ece37ad4f6c390b224c8875380f1321.story': 0.4293572869278226, 'cd119b9c25cc01a244e38f078bb5e031e5a6a215.story': 0.4293572869278226, 'd2f8f9afc96f1525380cc42bb5c558d20b072287.story': 0.4293572869278226, '45bc1153a0b1b695376f91f89d0bfc8ad4911b89.story': 0.4293572869278226, '8cc5209d6f5ae0da8352b87c86a4a3b73a322219.story': 0.4293572869278226}",0.8643145546,0.4035015715,,
Jensen Farms,New Mexico,"the Centers for Disease Control and Prevention, CDC",,Jensen Farms New Mexico the Centers for Disease Control and Prevention CDC,"[[1476.8278946612902, '2642a9d1cc9bc1ca88dd02abe980c99850e8572b.story'],
 [984.5519297741932, '0f88e14eb4fd0cfce17d894932f87f67f97a54a8.story'],
 [837.4742679126587, '52eff3dfbb73993a4a954747f4f5f8cce19d3470.story'],
 [822.1811147646746, 'bb626dbbcf60c14047b531e5ff313e04511f473f.story'],
 [742.649840562806, '3f4f3944a8817fe2cb2ee5ecf1ea1bdfe3b84254.story'],
 [738.4139473306451, '162e767a17bd42bd3c7f2d256a7960b5674a3778.story'],
 [640.5638819578201, 'becc1f9af61169eb62d95a10321c3fb1c50e501a.story'],
 [639.9587543532257, '275b51dd8aeaaeaa07050198eebfa843318b30f8.story'],
 [609.4977100801374, 'd57ba2a27f35832121a3b6cb29818530a1c6e6fa.story'],
 [597.3145885715054, '502841281488a67112511e9d56c3f92b0097a5dd.story']]","['bb626dbbcf60c14047b531e5ff313e04511f473f.story', '8ff396c5bb3b50dc5b0cfa2e6735a45f1a126642.story', '33701803551df745c09f840452e10e54f5bd081d.story', '69ab07d727faaeb40375ec63f722f87293d0d0c2.story', 'a8fe1767700cb792e66f7b0022203f47169152f8.story', '8684b159196a6eb0627a61b4cba5c0ed4fc53233.story', 'f62ffe40464f0fc54b4f8194f449b2e2d4ee927f.story', 'c9379a3c61391fb2c2915d98562bb92b09cd3642.story', '4739dbe141416da080958057b1195630395714bd.story', 'de9c125135a4386014725b01fe8abb646646a25c.story']","[[308.7459014644381, 'bb626dbbcf60c14047b531e5ff313e04511f473f.story'],
 [308.7459014644381, '8ff396c5bb3b50dc5b0cfa2e6735a45f1a126642.story'],
 [258.795902045259, '33701803551df745c09f840452e10e54f5bd081d.story'],
 [249.74999709589505, '69ab07d727faaeb40375ec63f722f87293d0d0c2'],
 [229.29794986098756, 'a8fe1767700cb792e66f7b0022203f47169152f8.story'],
 [229.29794986098756, '8684b159196a6eb0627a61b4cba5c0ed4fc53233'],
 [158.895903206901, 'f62ffe40464f0fc54b4f8194f449b2e2d4ee927f.story'],
 [158.895903206901, 'c9379a3c61391fb2c2915d98562bb92b09cd3642'],
 [158.895903206901, '4739dbe141416da080958057b1195630395714bd'],
 [149.84999825753707, 'de9c125135a4386014725b01fe8abb646646a25c.story']]","['936314199bd2f3808da38b614df2aecf4196d492.story',
'6fd73c491497ff187c370c61fe4f31f29f3ca74d.story',
'2023a72bf5e3717b5308e7a94fdf2c64e4d71a3f.story',
'f8c1c18591bc9d2a898228cfdf9d7e72d92bcf92.story',
'd2e2d18297c846177dc8caa6b4ee0d6c7d26d55c.story',
'cd48118c6df8568134e524f60cb997cc691201f1.story',
'c1d26c5e5b928b0ab76d969c577b36d618360df5.story',
'abd2359f967a76bef0a7d8ae97f9da7d898265d5.story',
'a9410ca7ef4ab11fa07ea6f7e318200439eb197b.story',
'a8b5a38f4561131a1c591fbe1b700a6f88e61a69.story']","['c83749870d22835c970393142a90c7bebab3692a.story', '103a5976379c1b97d8e2e4bf2e62094f1af054fc.story', '8602f14ab4cc77088edf7f09af9cb68d16ab115b.story', 'b92d5b2c853bc6545b9ff6e1d6b49b2dd5d492fb.story', '49b82cd3ab414bd02b7bf51681774f960ac52fb6.story', '42e1cda806cb3fadc8b4d067d25b4935df662d69.story', 'd57ba2a27f35832121a3b6cb29818530a1c6e6fa.story', '9bdf81c657962992652832a6f60dcd169998656a.story', '990b0e791ad5204005199685aac81637237c41f0.story', '81e033b38583b2bbe537cdcafba23d60da8f0d11.story']",,"{'6e0ea4ed30e9aeb3552f15643c69a6c68115570d.story': 0.6779388520144487, '77de8f576cbc35a56d2c73de81d789be8a6a0c54.story': 0.4184980519013549, 'b791c84c8c49266afbe217810febbba8cd0cf1aa.story': 0.4184980519013549, '9ce509f1926984b569ecdc14f318a6408eede01a.story': 0.4184980519013549, 'a0749d6c8a96d6deffe74c798f91782683d1a3de.story': 0.4184980519013549, '98afa9afc0f0baed02376a0a73e6eae42c7af749.story': 0.4184980519013549, '004faacbb234f24c8079cb2a4a760a6f889d0274.story': 0.4184980519013549, '3776ddb142e2fb740667e12115930c682aa79bc6.story': 0.4184980519013549, 'f62ffe40464f0fc54b4f8194f449b2e2d4ee927f.story': 0.4184980519013549, 'f6684731eb1bc9665b88c642051686d870b929a0.story': 0.4184980519013549}",0.224663376,0.3963918729,,
Yue You Meng,"Guangzhou, China","People for the Ethical Treatment of Animals, PETA",,Yue You Meng Guangzhou China People for the Ethical Treatment of Animals PETA,"[[2211.3382957105214, '18c02ab4cd9859d026064118e31c5fa7cd759865.story'],
 [1812.267732723477, '698e66bac597e3f506af3920b09dcfa03bdbb0fd.story'],
 [1641.0873352997096, '810b59fcde0ce59ae735ea388c4ed1c80997950a.story'],
 [1640.5525385564858, '5b37fe478071c42b23decf05b759339404d00943.story'],
 [1276.566219124559, 'cea23199113e755eb1d950fce2bd90029a670d3d.story'],
 [1232.240650671308, 'ba8cb03f42458e40c94bc1a1d216e4e10da62a25.story'],
 [1176.6475923276614, 'bda5ab9fa624063f0c82f598f84126b453b62fc3.story'],
 [1127.4942336523122, 'e97b3f34537d8336e79ff83adfe25ee2b5d5cfbb.story'],
 [1124.4597343028183, 'aebbba76d7cc6e2e3a109a1490094e1b13d8d6bc.story'],
 [770.2596490644376, '62fef836e7887af005d0c0f344378f46357e4744.story']]","['18c02ab4cd9859d026064118e31c5fa7cd759865.story', '698e66bac597e3f506af3920b09dcfa03bdbb0fd.story', '810b59fcde0ce59ae735ea388c4ed1c80997950a.story', '0a0d3d881a76af0c9a4ecdd36fc3c8f3f7f90531.story', '5b37fe478071c42b23decf05b759339404d00943.story', '584b3f1e98a48c9880a43345ec51293494f8a78b.story', 'f34fa0be3eafd31fe61f91f942e108b7d74fa7a2.story', 'dbfb1d52ce55a7c87a4352b3b2d2f53a46faaa55.story', 'cea23199113e755eb1d950fce2bd90029a670d3d.story', 'ba8cb03f42458e40c94bc1a1d216e4e10da62a25.story']","[[562.2407034160841, '18c02ab4cd9859d026064118e31c5fa7cd759865'],
 [481.92060292807207, '698e66bac597e3f506af3920b09dcfa03bdbb0fd'],
 [401.6005024400601, '810b59fcde0ce59ae735ea388c4ed1c80997950a'],
 [288.5463721347029, '0a0d3d881a76af0c9a4ecdd36fc3c8f3f7f90531'],
 [240.96030146403604, '5b37fe478071c42b23decf05b759339404d00943'],
 [240.96030146403604, '584b3f1e98a48c9880a43345ec51293494f8a78b.story'],
 [191.85925673801822, 'f34fa0be3eafd31fe61f91f942e108b7d74fa7a2'],
 [191.85925673801822, 'dbfb1d52ce55a7c87a4352b3b2d2f53a46faaa55'],
 [191.85925673801822, 'cea23199113e755eb1d950fce2bd90029a670d3d.story'],
 [191.85925673801822, 'ba8cb03f42458e40c94bc1a1d216e4e10da62a25']]","['7e428390600998ddc31b6199f6aa41f99a92376e.story',
'b8bf5c41903f0148dea8ed1e8ed3fe5704391a46.story',
'bce69a918e43c4b24968469304191ebf3cd3125d.story',
'a3f683920c265ccf1065779b4156059c95e2e8b4.story',
'7c725f6850b08bdc4cce5cee0a9ec41827b6fc7a.story',
'6970a0ff24ea28a7500763ec1b72a671bae412aa.story',
'3b30110e2d3a3ca43b51c82a2d8b0c942c58d694.story',
'074c2d11a7e3044ca8142d78d1c3095f69ab5b11.story',
'22619cd02e085ad839e04d0a1bf00dbb5ddd9a02.story',
'743ca77db8bbed137195f96701604db8c41dc39f.story']","['f91ba84ea14ea9aa3ba9e2994d7a9ef5230e30f1.story', 'ee82ca4d12c8c7cffaafd6241a0f8e1c3946a14f.story', 'c40858501458a5409594b1f75053e24a002011b0.story', '62fef836e7887af005d0c0f344378f46357e4744.story', '2d04f82e805ac71f6f9e4dd84e7e851b7562c3b2.story', '6e7120f93b692c942a5c544d778ae82266ed48c9.story', 'f26f82e28cdfafa7b165909c554f512c468b5e54.story', '98a3e0fcf9c6645997080a0f078d34c2fee96a77.story', '964d790e6c1fbfc4efefff61ea162dd97d220d6d.story', '387ca75f4e6315e3cf2ffdcbe85a58f44d63377f.story']",,"{'ae01c8436993f51d3cf4131272cc260c113609b1.story': 0.7405591998869061, 'bf6dc77eb751453ba95a13cb98f6b9657515fa49.story': 0.7405591998869061, 'c1abbd5f259b51d1d919afc91ea86ded30cb43da.story': 0.7405591998869061, 'dc7cad8a8eb60bb9a43dd4ae4e95ea1d40922aa4.story': 0.7405591998869061, 'b256c9429880912fde03561b49245e1e553c95a9.story': 0.7405591998869061, 'c9c3c26ba31253c59cb6de26d8df3430c130ed85.story': 0.4184980519013549, 'efc2b75026a42163efcbe80a70336f6f7af7d254.story': 0.4184980519013549, 'c9eea5374c3ae03b031ae7e023dab5a8eae208a0.story': 0.4184980519013549, '32259d1946a7e376f3915aea7f7b4a4e14cbe02f.story': 0.4184980519013549, 'c3b6f2dda6b5fa7d2727e4409c18d57caa5d37ab.story': 0.4184980519013549}",0,0,,
"Johnathan Croom, Christopher McCandless","Seattle, Arizona",Mesa Community College,24 August 2013,Johnathan Croom Christopher McCandless Seattle Arizona Mesa Community College 24 August 2013,"[[2290.1627597980505, '06e0f8c1e2a55261b32b9c01bf5fc4fe93277c62.story'],
 [2271.099601928523, '09e5d246c504d64dc17669f6c8aa40914564bf01.story'],
 [1921.9412421841885, 'b0efda38fb416aac70fb978f4f0a990dffc43c12.story'],
 [1901.676007161374, 'caf93c60f8e862d4ef076015a092bedfb3976ed7.story'],
 [1597.9660569411067, '0a6c0d89e018b928e49edbc3f433a0d3747666d4.story'],
 [1175.7399140493467, 'a1c9f5c17097b6d1476ef2f3b468af8a577e2377.story'],
 [1108.581484060646, '6ca1a28a2d080fed4db89f8f9f658f097d2e4c1d.story'],
 [965.0906757002435, 'c5ab96c50028adc9d9d86a01d302e15cba6390d7.story'],
 [930.6937362970383, '977f35282966040345b757513a8131066a67512d.story'],
 [859.4897551104758, '5913f467b01c37d7a34ce785794e0ab41d15ce5c.story']]","['b0efda38fb416aac70fb978f4f0a990dffc43c12.story', '06e0f8c1e2a55261b32b9c01bf5fc4fe93277c62.story', '0a6c0d89e018b928e49edbc3f433a0d3747666d4.story', '09e5d246c504d64dc17669f6c8aa40914564bf01.story', 'a1c9f5c17097b6d1476ef2f3b468af8a577e2377.story', '977f35282966040345b757513a8131066a67512d.story', 'caf93c60f8e862d4ef076015a092bedfb3976ed7.story', '4a8fa291509016c9a10455d964f3ef88934b2beb.story', '8a9bfbfa0db9de25b6e706bd475333ba8a7dc628.story', '8c09b913b1a3919c4bd341cb4b25bd7853ac16c8.story']","[[825.9812394819951, 'b0efda38fb416aac70fb978f4f0a990dffc43c12'],
 [825.9812394819951, '06e0f8c1e2a55261b32b9c01bf5fc4fe93277c62'],
 [720.8545157053464, '0a6c0d89e018b928e49edbc3f433a0d3747666d4'],
 [617.6265929103627, '09e5d246c504d64dc17669f6c8aa40914564bf01.story'],
 [591.1974694708887, 'a1c9f5c17097b6d1476ef2f3b468af8a577e2377'],
 [513.3561612153779, '977f35282966040345b757513a8131066a67512d'],
 [512.4998691337141, 'caf93c60f8e862d4ef076015a092bedfb3976ed7.story'],
 [315.380171329946, '4a8fa291509016c9a10455d964f3ef88934b2beb.story'],
 [274.34664320010967, '8a9bfbfa0db9de25b6e706bd475333ba8a7dc628'],
 [210.25344755329735, '8c09b913b1a3919c4bd341cb4b25bd7853ac16c8.story']]","['aa12e651c72b40b75e7dceaa572c374d127ec68d.story',
'b02738f03db1b1f8eec9ecad664fb34598c996bd.story',
'e8bbd5a77edf96611a4b8efcfbc625ec65985e98.story',
'80da7f6d4f3c982fffc4b5f07e57925a0197c14e.story',
'564a4365923bfb5267295f0f4bd6017040e53dc0.story',
'b449d19a1a93acd2892da22ca741717569d08384.story',
'a85f083696278a765ae387e202ec1c1edb56e6ea.story',
'a727b5e7057a46e0de9529699ce17a47e3fa520a.story',
'9c08413eb1c7a62a8f366be947414e5365b20ac8.story',
'9b73d09b35fa63b258e603f41587b66fa8bcd12d.story']","['5913f467b01c37d7a34ce785794e0ab41d15ce5c.story', 'b64d514528e161b3ecaf6a1af2139953c4ee39a1.story', 'c4bb28b717eaf6dcbfa2ad879d66e2ed636f751b.story', '18b8b5cab6d4e109651b7625e39324fb98c717d4.story', 'e132a887aa67d34b516956e4dabdd90e65f96848.story', 'd9d6cbff311486b90e8aad76a10540efaee27472.story', 'ee1190cbb47ea26f824d5cd9417fa0034431f35c.story', 'a524fbda01232f8ef3cb4903633100230a2a90d7.story', '5f9d90eea1bd0c1d16dce927172283e9420eb6ac.story', 'c1fcbbf2e23f7cef4756a29878a230080471237d.story']","['1f11bd8d3f385a9f0f6f532e9fc32a9a40a98553.story'],
'c5149a4a1c712f98e968b50924b668f1cbc7deaa.story'],
'5fbca5cd7005ac3d0f08fbdf86871d5f0d2c01ba.story'],
'b8789927e81bc2a0d62a992143bb8a80ae315928.story'],
'e834c73f47795a25eaa92e45160f83c06d7898f9.story'],
 '476c7dcfd4664664bed83ac578702375c4d01754.story'],
'012f25fa9950c87f418c41f41d0a78ea455a163c.story'],
'd3d78492f873aa17ec5bc8a32073fed0631b1df7.story'],
'328368e428383c31ac189facba30de3641ca294b.story'],
'8e580d29efc7ff23499c1f5cdb9a3a823f4105ef.story']","{'caf93c60f8e862d4ef076015a092bedfb3976ed7.story': 0.8102749593868895, 'b0efda38fb416aac70fb978f4f0a990dffc43c12.story': 0.8102749593868895, '06e0f8c1e2a55261b32b9c01bf5fc4fe93277c62.story': 0.5493168757828021, '09e5d246c504d64dc17669f6c8aa40914564bf01.story': 0.5493168757828021, 'a1c9f5c17097b6d1476ef2f3b468af8a577e2377.story': 0.5493168757828021, '0a6c0d89e018b928e49edbc3f433a0d3747666d4.story': 0.5493168757828021, '21064c1160e24914ac934109f76ada8ab844276c.story': 0.3390984920078628, '9466eca0a005dd7616d04dbf9cc94dc272140584.story': 0.3390984920078628, '7eed0585c6131296ae2ea70d864f873de7b9e86b.story': 0.3390984920078628, '4bed19414fc51d242b09a000e2a5b5513b2113d2.story': 0.3390984920078628}",0.7273298443,0.7273298443,,
"Cesc Fabregas,Jose Mourinho",,Chelsea,,Cesc Fabregas Jose Mourinho Chelsea,"[[1737.5891372637466, '7bbf4acfe221ec2d8e0899fc9f1ed79548c9a37b.story'],
 [1394.283296556278, '4f4ae5642f02795a2a0d1566338c409083cee06e.story'],
 [1262.4746377430752, '92d5d02d21f19cc13a0b1e738917a1f6d8065d8d.story'],
 [1209.212083099274, 'b531920633e47cbf7a91e6330ae3ab11c716174d.story'],
 [1165.6343825778692, '7ae2117ef526c02defe11882441d6be6a8cadc4c.story'],
 [1153.123402204765, '0c60670f34c9d47f076f5b6c5e2818ffd9f66cc3.story'],
 [1151.1717023881952, '3f9fb2fed496fed600e48bffececf5be3db8f10e.story'],
 [1134.596774141658, '0ba6381e1e209da290cfc6cf90405f4da18d81ba.story'],
 [1083.4793205455105, '0a2c40db4c813cbc4fc5589837b43072803f1f07.story'],
 [1082.7289936908985, '1d4d6c12c1e92ab813814e7a4087f8e3636e43ac.story']]","['7b1a2cc303b4f90d75f847c401c903054c9c47aa.story', '31e105767b5019b48f8d14d0e37f5e364bf4a3f2.story', '0696860bb70c5795b3554279d709f769db7b811f.story', 'dbd5a22d460728c60a67b4c18b2ba0aadcf8f134.story', 'ad7e08d55a8280928790f2bd0c7dee43286f2430.story', '89e5373dfd82ccaf2cce369541a32f68e9937525.story', '645151ff5ad91e63c930d77bdf2f487b4e2b298b.story', '080742c7fda8a76d45cc7fa3fe6f3dfb2f4c91cb.story', '9d83c01790cb3ef71ff2eeaac68d2585edce024c.story', '31b15b24b9ab3c72d3b2afed2e1511b07a4e7fe6.story']","[[254.36049618776158, '7b1a2cc303b4f90d75f847c401c903054c9c47aa'],
 [228.3999908561987, '31e105767b5019b48f8d14d0e37f5e364bf4a3f2'],
 [228.3999908561987, '0696860bb70c5795b3554279d709f769db7b811f'],
 [223.45484040324428, 'dbd5a22d460728c60a67b4c18b2ba0aadcf8f134'],
 [223.45484040324428, 'ad7e08d55a8280928790f2bd0c7dee43286f2430'],
 [223.45484040324428, '89e5373dfd82ccaf2cce369541a32f68e9937525'],
 [223.45484040324428, '645151ff5ad91e63c930d77bdf2f487b4e2b298b'],
 [223.45484040324428, '080742c7fda8a76d45cc7fa3fe6f3dfb2f4c91cb'],
 [222.9123155385771, '9d83c01790cb3ef71ff2eeaac68d2585edce024c'],
 [222.9123155385771, '31b15b24b9ab3c72d3b2afed2e1511b07a4e7fe6']]",,"['c2f7f1c6c00ea865e06823233df73250782301bc.story', '10d7ecf75a70bf27e38c08e40ef1d1f8b9a8551c.story', 'fa373cabb917febf452c05a5c29442425bd88bef.story', 'e0edca26f2ce38dd9ed7b731d2827bebdc5964dd.story', 'ca5fc3779a8ad4ce50b74702f58389e347b0f300.story', 'e450f2064095aaf6c20ad0fbe97d54c1d0e897ed.story', 'df8141c45f4a098dfbd22986c6427fd1cff40cb3.story', 'd8b343666e4cab05ee8f0edb030820956a6fead1.story', 'd64aea713b24d6ee285ac5421056111dbf27471a.story', 'b7415204ee56e222d96541a1e8b1486d1646a156.story']",,"{'e9a9d5817521df51aedf7f12095d3b8523fa2c40.story': 1.0, '287ef30929eacee388a42da8aa0864052a04000c.story': 1.0, '6204d34f73bd856f9ef845fd8d382e295f8d1e1b.story': 0.6173094382447867, '080742c7fda8a76d45cc7fa3fe6f3dfb2f4c91cb.story': 0.6173094382447867, '88ae1ab5fe5afacea4cae507a0b315016c3a6d44.story': 0.6173094382447867, 'a80d1700dbe9751cfc52e3081ec59d3fc4a389bd.story': 0.6173094382447867, '04c6f173c4e219f8c0c5714389211448bdf86149.story': 0.6173094382447867, '658664cb21cd7a385bc6c800404d61d2dae98c5b.story': 0.6173094382447867, '7bbf4acfe221ec2d8e0899fc9f1ed79548c9a37b.story': 0.6173094382447867, '9d83c01790cb3ef71ff2eeaac68d2585edce024c.story': 0.6173094382447867}",1,1,baby,
"Lucy Waterlow,Pippa Middleton","London, Mayfair",Mary Hare School ,,Lucy Waterlow Pippa Middleton London Mayfair Mary Hare School ,"[[1576.5697202916995, '1547d70ce385c136d2c97c8669a8fdc7d40bf5c4.story'],
 [1539.5559610984346, '4ab4b43b33178d53a5a445283d6be39ac57106de.story'],
 [1401.275888308462, '3f7129edf388a95fd5aabd7948fa4f29a89d8730.story'],
 [1389.9838674509936, '9d35b946330b9fd6df02c79d6d7cc77d26f1377c.story'],
 [1372.6406762281715, 'd19ddb8e162682a33ad8a5bbad42cd5959cdc98a.story'],
 [1329.3584514270208, 'a28d17ebb2815ed073d3ec0ba4b823c928592135.story'],
 [1321.0765710253843, 'bf0b3af814ce036ac809861a9f074cb13323221f.story'],
 [1228.869073797448, 'fa95d0ff16e7cce5b469c34eee33e5f9b73d2eaa.story'],
 [1224.9706927243535, 'd5bb74095b635fe14e3b54645daa6a602c07706a.story'],
 [1209.489398310398, 'f19a868bbc1c009734e71a19fc6bf12d7a9c3a6c.story']]","['9d35b946330b9fd6df02c79d6d7cc77d26f1377c.story', '636946dd44d02051cc424ccaf799f94b5ae9d7d6.story', '2506c07ba9f115d43d77a5e04b911b841d771ec4.story', 'd4a6298fa08624bfc4b48095c82ba9f4a104ab5b.story', 'b94213c0336d37734b5936635e7ff0880702ed71.story', '19fb639fa64a8e27322f40f6138e8c64ee5d8fd3.story', 'ff09871273485e8b040109752532db2718d9d8f7.story', 'f19a868bbc1c009734e71a19fc6bf12d7a9c3a6c.story', 'dd292b981e2150281332a5fc776ad0e35c96f504.story', 'cd22c8593a7568c69a4d59dae3147167c17b750c.story']","[[266.02888727337546, '9d35b946330b9fd6df02c79d6d7cc77d26f1377c'],
 [255.51540853672896, '636946dd44d02051cc424ccaf799f94b5ae9d7d6'],
 [245.00192980008242, '2506c07ba9f115d43d77a5e04b911b841d771ec4'],
 [238.16650971294922, 'd4a6298fa08624bfc4b48095c82ba9f4a104ab5b'],
 [236.71783089044595, 'b94213c0336d37734b5936635e7ff0880702ed71'],
 [236.71783089044595, '19fb639fa64a8e27322f40f6138e8c64ee5d8fd3'],
 [234.48845106343595, 'ff09871273485e8b040109752532db2718d9d8f7'],
 [226.20435215379945, 'f19a868bbc1c009734e71a19fc6bf12d7a9c3a6c'],
 [226.20435215379945, 'dd292b981e2150281332a5fc776ad0e35c96f504'],
 [226.20435215379945, 'cd22c8593a7568c69a4d59dae3147167c17b750c']]","['cae350bb3fb3ede06c382fbb0aaee6231e67d521.story',
'bf759ca8904e63a95476b827624705d65f110d41.story',
'e2b96b54960b4c2bf13f48df3ad7cd5e5947fc7e.story',
'dd54b18eccc3ee08810c7bdb8dc964561835d22c.story',
'1bf1e954cef0f5a7b8fe03ba31eb5850e647758a.story',
'f08d570eeed89232baa6881ca01c4cd6536b2a47.story',
'de348404cf916b6db5dbbebc0837addb9982ae55.story',
'b8e3a8db0011bd21eb5b54b5660947655eb74cc1.story',
'b6a7036c56723bdf229b87b9e0f08c536efe37ec.story',
'b331fbb6505a5cf67fc0931ca7ce3513a6169052.story']","['69325035ed0c9f134a93cb712b242ce6ad0b507a.story', 'fa95d0ff16e7cce5b469c34eee33e5f9b73d2eaa.story', 'c3e48ca46fda47152ee72e9e2e5e2ac32500220e.story', '0a2fcd672d10964fb01ae41cefdce82be2a4d657.story', 'ff4325c559766208f70b20818c2c65925ad6db26.story', 'e12621964e56e6905102728190b88c4c8648a1a7.story', 'd8ec37d147c0556dca5ccbb9631e792d6fdf4e9b.story', 'd89babf0e3668c53d811279707328989f744609b.story', 'd3516bc947abff60328cd3dcc77a7b0aa73d5354.story', 'c81cb8e427d1f4947125adaed71f1affea259970.story']",,"{'0a2fcd672d10964fb01ae41cefdce82be2a4d657.story': 0.6779388520144487, 'c3e48ca46fda47152ee72e9e2e5e2ac32500220e.story': 0.581501948098645, 'b651d2836a654d2e89d14b32a47648f20236b05e.story': 0.4184980519013549, 'b0f3f3d6bfb0d6eb7148fc8a765fcb6f08d4640c.story': 0.4184980519013549, 'd64d6b222733c4c25ab80148fbc099e7a2d69379.story': 0.4184980519013549, '4f6ca6e08b96afbd099b2deab5ed1f6837e11914.story': 0.4184980519013549, 'c012bcae2b8943cb7bccf6df4ca87ab66817af20.story': 0.4184980519013549, 'eacc0c9d5e553c4d7183aaa3d628471d959d15c0.story': 0.4184980519013549, 'd6f226bea0ed6379cb51dc3326fbb1083aa78ca2.story': 0.4184980519013549, 'b94213c0336d37734b5936635e7ff0880702ed71.story': 0.4184980519013549}",0,0.3589542102,,
Susan Copich,,"MailOnline, Huffington Post",,Susan Copich MailOnline Huffington Post,"[[666.624545794313, '0a7bf47c29ff5daaf19c61fb203eb2a634034143.story'],
 [638.2324683377338, '677da7bcc87db2fa36345cc744f1286009d44113.story'],
 [617.1725281891001, '62844269b34ee830a937abae5f2bdda97215c5a9.story'],
 [578.3981744310713, '0ff1975c4fd87364b37d4294630bece3e1a0f753.story'],
 [540.3327609482245, '0bc574ec7f60aa58121e31c73bc071dd14ed9047.story'],
 [481.4672748808663, '4451e59032000c1f15a98fe4285c40cff5556ddf.story'],
 [478.67435125330036, 'cb02a1953eeaec350b8b0e05e902bd75d8bd31aa.story'],
 [478.67435125330036, '5cfd0d35325c2804557d92fa7e9d0117219150a6.story'],
 [478.67435125330036, '58f01336fd53660e13f715be0e4d9cc928d63e72.story'],
 [478.67435125330036, '188eabdc7269f8caac7ff86d599ac45f159944c8.story']]","['0a7bf47c29ff5daaf19c61fb203eb2a634034143.story', '859852f9e43d41c38a93d252119c42534cbdbdd7.story', '7313aa43c88d8412d8992af863ce01de6e3539a7.story', '3ffb9c8765c6a77bc54ebd0d3b974cd60353a801.story', 'fb6692faf8d2bd695114d14020939561b68dcd25.story', 'fa43cbe63a3ec159c3df3bb910d0ebd4aacd7760.story', 'f912335139a31ecae8793fac393410c587ed936c.story', 'f135fda92c54e48b6fd929d5063df3a0e48d1fcb.story', 'ec1b2e294c54976224e27c480dc198ceafeab602.story', 'e8dd83da8d3e58d468404ef63e1fd10f85a24386.story']","[[200.083173499794, '0a7bf47c29ff5daaf19c61fb203eb2a634034143'],
 [80.06934522438003, '859852f9e43d41c38a93d252119c42534cbdbdd7'],
 [80.06934522438003, '7313aa43c88d8412d8992af863ce01de6e3539a7'],
 [80.06934522438003, '3ffb9c8765c6a77bc54ebd0d3b974cd60353a801'],
 [60.05200891828502, 'fb6692faf8d2bd695114d14020939561b68dcd25.story'],
 [60.05200891828502, 'fa43cbe63a3ec159c3df3bb910d0ebd4aacd7760'],
 [60.05200891828502, 'f912335139a31ecae8793fac393410c587ed936c'],
 [60.05200891828502, 'f135fda92c54e48b6fd929d5063df3a0e48d1fcb'],
 [60.05200891828502, 'ec1b2e294c54976224e27c480dc198ceafeab602'],
 [60.05200891828502, 'e8dd83da8d3e58d468404ef63e1fd10f85a24386']]",,"['4451e59032000c1f15a98fe4285c40cff5556ddf.story', 'e9a9b32f8d6051f64ec88b2d2f7111e76dfed0f1.story', '94456558d2c939fbbfed14c7f99351a9ac03bf58.story', '19e0c7111238d84dd5c0164525fc4330dfd365e6.story', '0bc574ec7f60aa58121e31c73bc071dd14ed9047.story', '5beebefc3013f3592725a891b0808786a64c9142.story', '57d868af077e571001f2bcd1397aa691d122a0e7.story', '500e036d6b753ecb3421f3062c012a0c2303803b.story', '6dc968e3a7b13e217814f4cae921f983137104f3.story', '1930633b5011abaac8d1a25d06ea687a6c52c084.story']",,"{'e90cc6ee92300df50f0f8e3665373cd16d145822.story': 0.6173094382447867, 'f5f5c38490c93f7d741a3ce34222d74d56165e56.story': 0.6173094382447867, 'f37c181058d6f4325d27b7d3d9ec21cf4abbfbc0.story': 0.6173094382447867, 'f0019d4b9c3068deabc3390d9d1607371fae269a.story': 0.6173094382447867, 'f370fa7d97041cfb02a459f65b77723bace5d911.story': 0.6173094382447867, 'eb86a214839c3ebf318f51dc23ef8ca297719d87.story': 0.6173094382447867, 'dce51f685caf58169485eb736585f03d4b233b3d.story': 0.6173094382447867, '7313aa43c88d8412d8992af863ce01de6e3539a7.story': 0.6173094382447867, 'faff2ef30c5cc092157a64c5bab22e285c941dc9.story': 0.6173094382447867, 'e194a8f1779e38f51e5b864f6b2af5b9240c799d.story': 0.6173094382447867}",0.3301376494,0,,
"Rachel Rickard Straus,Timothy Rogers,Rogers","Ohio, Akron","Ohio Internet Crimes Against Children Task Force,Craigslist","5/1/2012,December 30",Rachel Rickard Straus Timothy Rogers Rogers Ohio Akron Ohio Internet Crimes Against Children Task Force Craigslist 5/1/2012 December 30,"[[1584.3970238856841, 'e7903725861ae328e32e9fdf3dab658fa2c5f728.story'],
 [1575.3673043550996, '42e46be0bd2effd3e0d1a72571478c3105e9448d.story'],
 [1512.5019494779526, '4fa059d79e2dbdf4f1c10897d7ae0f30b4d434da.story'],
 [1506.5543262109109, 'fc5ae33533c3895377f3f9b9236329cb9938b887.story'],
 [1442.3419103952517, '163ad27a0ac130962c6020c4c59f179bffd50120.story'],
 [1425.9642393771055, '75733a2e722e7d64e5b3d2eb27d6aacf5cc7195c.story'],
 [1331.3419560341326, '00ebb7109898734bde3ead005ebbc591cf8dbcc9.story'],
 [1262.0491715958453, '9746e1b062dc4336e2d58d2d3110a5a735dbe4e7.story'],
 [1245.671500577699, 'bf3d8e0ed6daa2929d0eaea1d7c1222d9d9ec7c4.story'],
 [1206.3092912682364, 'd3a8f9b640013735a646e571b62217a4819c5d88.story']]","['1fba3f253495e6cb82a4f07b0e9908e0435397d9.story', 'c776ee708e02cbf136d61c69c9399395a6c239cf.story', '844288d86d335f85baaa5d2d648c2cc0a652e46f.story', 'be7dfa4c55437f24b3109ade442a2593b6cd4e66.story', '7afbe903f1f7cdc1af509583649babf481d01729.story', '300833a8ee263501f94ed18c409a9cbd8b54f0dc.story', '2548606c5734d5782672c292b52d1c7780607f86.story', '0a15e204af0ae1f793bd4325dac03d6a671ff924.story', 'e7903725861ae328e32e9fdf3dab658fa2c5f728.story', 'bf3d8e0ed6daa2929d0eaea1d7c1222d9d9ec7c4.story']","[[443.6070498002223, '1fba3f253495e6cb82a4f07b0e9908e0435397d9'],
 [380.2346141144763, 'c776ee708e02cbf136d61c69c9399395a6c239cf'],
 [380.2346141144763, '844288d86d335f85baaa5d2d648c2cc0a652e46f'],
 [316.8621784287302, 'be7dfa4c55437f24b3109ade442a2593b6cd4e66'],
 [316.8621784287302, '7afbe903f1f7cdc1af509583649babf481d01729.story'],
 [316.8621784287302, '300833a8ee263501f94ed18c409a9cbd8b54f0dc'],
 [316.8621784287302, '2548606c5734d5782672c292b52d1c7780607f86'],
 [311.21915679465724, '0a15e204af0ae1f793bd4325dac03d6a671ff924'],
 [275.41749846700253, 'e7903725861ae328e32e9fdf3dab658fa2c5f728'],
 [275.41749846700253, 'bf3d8e0ed6daa2929d0eaea1d7c1222d9d9ec7c4']]","['8e8a3bb3f3d680e490a325b087fbefd6f1902eec.story',
'49e280288dc4ec93aae38abfb7811e9d710207ff.story',
'd41f3f9ca094d910e9e03367fbccbe2d3f58dfcf.story',
'cc3b815e98165cdaa984e5bf4764682ffb449950.story',
'bb06058df2d3d122e6d63ef64c28c4414693e67a.story',
'51dc236fc3056ea52adb009c4b5eaa6972449446.story',
'2b9746b1aea2c0df49cb932cbf0299ffed2ecc23.story',
'fe9f48df1d58a92e580ee6b78b44bae085f63b24.story',
'fd6afe985d51caabcf4ceb59a482486f14fa1069.story',
'fd1c30bb0e4d43afc5e831eb9d60d738e9e63616.story']","['0a15e204af0ae1f793bd4325dac03d6a671ff924.story', '67144ee4e173f85dab8f748d7dd0ac9b40b1430d.story', '2095dcf0c966f64ae8dcd24ba3d8b76ad31d0fc5.story', 'e15cbb51f297253d366c2abbe01a56a3ad9cea88.story', 'd7b41a82f8fb7229bd693f888ea2f962988b218b.story', '6d09c51d15066c66968346b47626380803a95a7f.story', '11a4454cf46a00af67ee603cd0e7827a0b895d82.story', '502ceaaff9b1cb474ebdc6355fe9ef5a455f6cff.story', '067e3325cde3327f774da2959075e137fc20f8fd.story', 'ea8aa4e256a4bebac05d67b9f3c77498c39be8bb.story']","['be9525935fabbcffb3eba53ad49919bebe04f668.story',
'34eb82db9c2bd0deb06bd25dd0471cd3438b0dd9.story',
'fbb48939c415408ebe81872bfc2d656a9cdb9871.story',
'c238a09182dcbe5ab08e94c9e577ad673fbf9da3.story',
'd691a9105bb7aeb9e017b4daca4bee308fc4b2a7.story',
 '0d283c2b336130e3ac3f0735f4700d8a7b76a770.story',
'00b3cebdfa5caccbddb4c701689e2dfddd89a3d4.story',
'55bfdf6b0bbd5f217f189914e4e783c3643cbb2b.story',
'def0eff216d6f1741f502af3b7d1369f5ff24940.story',
'c42940b3c2257f7440c54ff155d006c84453eae2.story']","{'0a15e204af0ae1f793bd4325dac03d6a671ff924.story': 0.5493168757828021, 'e97407580767cee9d9ff0068d1f33d99c6b4b360.story': 0.47117646737902674, '7659273ee0d511d66fb838c7104296f7bf368795.story': 0.47117646737902674, 'faa3de2a465d0fc58cc23725aae7bfefd0ab7d23.story': 0.3390984920078628, '83035819e09c5553d706b8a68c64426abfe8ce6d.story': 0.3390984920078628, 'c4b8b72ead0ce4c51a9d4f9bba81a57276a277a6.story': 0.3390984920078628, 'd5d12ffa122e180fbba9a8681d1c3ff3d505f4a1.story': 0.3390984920078628, 'd4ae210fa24f217eac4fc876bf00970f28ba4b90.story': 0.3390984920078628, 'c84fe64783cf67b91bcc0658ca2ce5ded8664f31.story': 0.3390984920078628, '63e8be41da6eca06db8f7090a3b9f1c5840f9d52.story': 0.3390984920078628}",0,0.2200917663,,
"Kieran Conway, Arthur Rafferty, Michael Maguire","Dublin, Northern Ireland, Belfast",IRA,September 23 1974,Kieran Conway Arthur Rafferty Michael Maguire Dublin Northern Ireland Belfast IRA September 23 1974,"[[2048.720780435042, '0a8bf9a2557d71e238686bb22bc4433e00c71f1e.story'],
 [1740.6185750971213, 'b5df4719baf6921a0104ea23bcb2cbe560ec6a0a.story'],
 [1495.309666975272, 'd6bb758ed407af8207bc33be2823efa8599f9c9a.story'],
 [1198.6507587023866, 'ebf2d63df2508093b23a5ada33b25dbde23b0b7b.story'],
 [1148.840476266409, 'f0b2f3dbbb519ce1e23a4a970027c57e5025b531.story'],
 [1146.4039039963002, '8384333576b886fb6d881da97d34e0496ba3ca52.story'],
 [1112.3938684676377, '7e7d7f8f293e4750bc9a403cf8b46cda25fe616a.story'],
 [1112.3938684676377, '3e4ae45e8766f470536916668fc9eb11eb6a2fea.story'],
 [1092.7728504943113, '8d303e4ac1e77ca6f0af08ebc41fa919c19e66f8.story'],
 [1057.55976828425, '94af1718bf928da4f5d214b05044825b4ac205ce.story']]","['0a8bf9a2557d71e238686bb22bc4433e00c71f1e.story', 'bbd4a93ab6902ffb4171cfa8b25496506d6867ca.story', '564d389526c464d49fd9f6f5470b11a119f2174a.story', 'd84483d7e2161730de62d0a277c301ac31644372.story', '74df1f9f256f732656f03b6a817336ba5ce44799.story', '98de8e91076eb5239460343b7a5eaea47bba2271.story', '0708b8fa08f611a1c568abbc713f88d9835b63fd.story', 'c83a8bc8f33246a79dab6c78867e3724ea15628e.story', '3733eb383a8962622c05618670cb45cafc51d611.story', 'bb78d7d8d3601942ef1969d0972d9580ca5cf317.story']","[[392.26955245899785, '0a8bf9a2557d71e238686bb22bc4433e00c71f1e'],
 [295.75231729055025, 'bbd4a93ab6902ffb4171cfa8b25496506d6867ca'],
 [295.75231729055025, '564d389526c464d49fd9f6f5470b11a119f2174a'],
 [278.6871364544245, 'd84483d7e2161730de62d0a277c301ac31644372'],
 [278.6871364544245, '74df1f9f256f732656f03b6a817336ba5ce44799'],
 [276.6442727064953, '98de8e91076eb5239460343b7a5eaea47bba2271'],
 [243.12285571417436, '0708b8fa08f611a1c568abbc713f88d9835b63fd'],
 [230.53689392207946, 'c83a8bc8f33246a79dab6c78867e3724ea15628e'],
 [230.53689392207946, '3733eb383a8962622c05618670cb45cafc51d611'],
 [216.1092050792661, 'bb78d7d8d3601942ef1969d0972d9580ca5cf317']]","['57c3dec512eb6d240bdcd2c37c45704b5d4755af.story',
'3ba483a53c0073cf7c1c3b5888e777b0f8853685.story',
'17a593e1dfa5fe0a6dc3b240cbd32d969d3345bb.story',
'75a94825fe0fcba4ac51a4bccb05e73a92892e72.story',
'f677d17988598c23173cc9fb09d0dfc0d684733c.story',
'7860a1034cdf4501d3711a7331e24852dadc78c9.story',
'0e59cbd9be890a345a977fa2c592a9220c1d4362.story',
'4c8006b5c8e82d805a8c7383653e9dc97beb85c6.story',
'0d3ac95017df3cefcc1ba6041847e84b2020db13.story',
'a56ee876391ce40c7502ef9da4db510ae9fb3d7d.story']","['e8d9d6365617fbf0412d97f20b488906dc826d18.story', 'b5df4719baf6921a0104ea23bcb2cbe560ec6a0a.story', '793034f0f0eb36000b46a25721faf473c797ffba.story', 'f6339b966f68ba7b30d1cbf2f15d921e6fe197f2.story', 'f0f791d639eb9aa657757988aa989ed2d5e6910f.story', 'ed50b1399364320c4b1244c6dd88a4f02392e7ed.story', 'ebf2d63df2508093b23a5ada33b25dbde23b0b7b.story', 'e6614cccb9f1ef9667dd0788f7c59fb5743fd8f6.story', 'ddc9d395550128dbf9f48afd83e59535570d94aa.story', 'da35028c0babed14dc9c985b8552759b97934f92.story']","['1f11bd8d3f385a9f0f6f532e9fc32a9a40a98553.story'],
'4bf97f13dda2f362b1dd6dfbff7a0a3d6943526c.story'],
'c3c9df4b763290eea845835cfe6929168c04682d.story'],
'ba5709f19a1f65d15eca21730d08888e5b192a3f.story'],
'02a28285ea40472365e93f4de24e76a757535e45.story'],
'5caea23fde1d0016cf04865176567f9899c025fb.story'],
'b73793c377b655899146ca9416586c33308e40de.story'],
'b65703d7bc5c10dd10a99920e4e4fdf5e826fdbe.story'],
'38e2111fb10e8845056f3db7b88c6ab152041c3b.story'],
'0a8bf9a2557d71e238686bb22bc4433e00c71f1e.story']","{'e1d67d2d9226e8f83e0f85b32e504a9752d51edf.story': 0.660901507992137, '0a8bf9a2557d71e238686bb22bc4433e00c71f1e.story': 0.528823532620973, 'b5df4719baf6921a0104ea23bcb2cbe560ec6a0a.story': 0.47117646737902674, 'bb27763f73608fb70452f595f31fce69f01ea10b.story': 0.47117646737902674, 'e51600154ffb109f2017c8749b629834e95c19f2.story': 0.47117646737902674, 'c5da5bc5b561af64eca8ab0b2e634ba8efa33ef3.story': 0.47117646737902674, '793034f0f0eb36000b46a25721faf473c797ffba.story': 0.47117646737902674, 'c56be017780f975be341f03f370d36c769269f6f.story': 0.47117646737902674, 'd3e8cd3a48275a0c51a7164c91bf5ccc99881508.story': 0.47117646737902674, 'b8e830bc4752913eb1619ad345714e6eb5ac366a.story': 0.47117646737902674}",0.3589542102,0.6059848036,,
Jack Richter,,"Los Angeles Police Department, LAPD","November 9, December 30",Jack Richter Los Angeles Police Department LAPD November 9 December 30,"[[1380.2776589872842, '5214ba089543171e39aa9a9c66ddc728493d7d6a.story'],
 [1234.5767454422962, 'ace9941189d3c4dba9720a2bafe0d8ae81b34a11.story'],
 [1188.71779696643, 'f1abd94d941941fbe8e32872a781b38847adddaa.story'],
 [914.0805337574122, '01cfe9b24b55f199112656ba703c1d62acde5fd7.story'],
 [873.5722916904713, '769b2a1776c27c3e3db1898763c083316506ce29.story'],
 [806.0867207734877, '3da3979adec5409af84c8a07ee23ff19b4eb093d.story'],
 [793.1433372047185, 'de1001016585a5d19b4caf646deb2450ee6541c4.story'],
 [713.4800281639, 'cbf79aff465b724e87fa1b843e4e25afde646390.story'],
 [699.2892701785021, '5a1d7090452804b2b02b987272b0c2bccd5a85ec.story'],
 [679.9584846760633, '8a2cea3871f7db3f3092fecba4d3cb74b7c23547.story']]","['5a1d7090452804b2b02b987272b0c2bccd5a85ec.story', 'de1001016585a5d19b4caf646deb2450ee6541c4.story', 'ba8e16167b1896f3011e4759a713bb789812412d.story', '6df96775fc60ba9dda793954520ef3ab8823b12f.story', '21aece0671ffacb5b93a7cd56fc39cf2ef4d315f.story', 'f1abd94d941941fbe8e32872a781b38847adddaa.story', 'dfa6e0abb60dca12557374815a12f66065ae41dd.story', 'dc9dc3d9add76a22f6d250fc12238f22096a8cb5.story', '93822d25015d3bb7019a84052ca1a579313c35e7.story', 'e22e9def7c59c31474d6dfb71158c56f01e95526.story']","[[279.5964038568916, '5a1d7090452804b2b02b987272b0c2bccd5a85ec'],
 [209.6973028926687, 'de1001016585a5d19b4caf646deb2450ee6541c4'],
 [209.6973028926687, 'ba8e16167b1896f3011e4759a713bb789812412d'],
 [209.6973028926687, '6df96775fc60ba9dda793954520ef3ab8823b12f'],
 [209.6973028926687, '21aece0671ffacb5b93a7cd56fc39cf2ef4d315f'],
 [139.7982019284458, 'f1abd94d941941fbe8e32872a781b38847adddaa'],
 [139.7982019284458, 'dfa6e0abb60dca12557374815a12f66065ae41dd'],
 [139.7982019284458, 'dc9dc3d9add76a22f6d250fc12238f22096a8cb5'],
 [139.7982019284458, '93822d25015d3bb7019a84052ca1a579313c35e7'],
 [83.90415776218967, 'e22e9def7c59c31474d6dfb71158c56f01e95526.story']]",,"['58d6e08c32c0c510aff4ee45bba9231b0a8f8b97.story', '3ccdd48a8b108775fee051a1e90faa0b8d7285e1.story', 'fd368f738ad319808150a9996d107d3965a4662d.story', '7888b5536f350447435674079aab550e73c728d7.story', 'ee23ed3ab29034fb569c18071537781957838b80.story', '98e5959f7772b584a94efc771604e68e493bbad9.story', '0d6e58bd2e2a98a6607b737169eb45bfcd250431.story', 'fef9b70837ff052ee7d0bceceb02475d65ed806d.story', '087b756a4e797e2c5467f3e581d74de72bf11604.story', '964cd087021c01e5fba48341232aa4690541678d.story']","['3920d2c0a991b7895d15ba29b29c38dc500c0349.story'],
'be9525935fabbcffb3eba53ad49919bebe04f668.story'],
'34eb82db9c2bd0deb06bd25dd0471cd3438b0dd9.story'],
'894da4f726de762547d4d433a63768ce116bc299.story'],
'fbb48939c415408ebe81872bfc2d656a9cdb9871.story'],
'574293c2d408427fa58320d8551895af3e90f323.story'],
'e7378665d0967cec01583aeda3dd7b1646df8d6c.story'],
'7113094b4adac530eb0212c1afbb8e1e82a29cff.story'],
'5d5bbf4423ae115eee90d9dd303775ed1855120b.story'],
'29c6095aed64c1b4e06e265955e138220734e127.story']]","{'00a9d4e21e07ed18f452248f6014f2411a3600e7.story': 0.7155528270979381, '464111a51e681a386db6355d9c36b4c915a87738.story': 0.4588352629057163, '04c7c65f1c55e5951bf51fb1916fe6496a8ec40d.story': 0.4588352629057163, 'fc7d1a6661fd819447450f35127b5d51dc5f95e7.story': 0.4588352629057163, '2b87bbacf5f4eb1bce5bf557152028f69fbdf389.story': 0.4588352629057163, '3532de54c93cd6572b89d0157b134d6bba44a0ad.story': 0.4588352629057163, 'a404d7089e79f7e268dc40b7b550aa8277e7e083.story': 0.4588352629057163, '334cb4c66d29b356a7864dccc8424647b8d3a566.story': 0.4588352629057163, 'aad4c2db866e8e98265d8688da6973ed0ae5420e.story': 0.4588352629057163, '1a013986f4c7a60227f9fdd28227f0efcfa5a743.story': 0.4588352629057163}",0.0636207882,0.2200917663,,
"Marques Brownlee, Sonny Dickson, Terry Gou","Mesa, Arizona","GT Advanced Technologies, Wall Street Journal",,Marques Brownlee Sonny Dickson Terry Gou Mesa Arizona GT Advanced Technologies Wall Street Journal,"[[1323.5226664059946, '69f058688408e78146828a8e8cfbb8c378641377.story'],
 [1235.8647993913564, 'a6972ffcb1918439d48f3519a60889e6411e45f2.story'],
 [1169.52732381992, 'a0dffc3055903ed09768fc8c87dd853bade731c2.story'],
 [1160.3268566491681, 'c978abd14c7c78df42f8b4945951154ea257d469.story'],
 [1068.4175676976986, '633396c67c714119b2dd2a5a74c6182b0365b36c.story'],
 [1009.6874643271532, '90ba505830d737c45774a4d014a9bcb00e062fbf.story'],
 [990.2734075685609, '414308435fe66c6e4c51f59fcc1dfac37688c8c3.story'],
 [974.5427663238476, 'ada7bc73d4c8efbbd5cbb97457d212add15e42fb.story'],
 [972.891198347442, 'a068d3389a1b59e70f27a5c73e6f4885d1e1c3aa.story'],
 [964.2365371610193, '0ec6d0a142b1a98fcf410ffb068e5226442b6037.story']]","['c978abd14c7c78df42f8b4945951154ea257d469.story', '633396c67c714119b2dd2a5a74c6182b0365b36c.story', '414308435fe66c6e4c51f59fcc1dfac37688c8c3.story', 'a7d4f1b4a67cc509b37ac4feba1516584f072890.story', '92eaa4931c659d5415e780efb24efa487dabc935.story', 'e352c15c9313f1011e7f8c928eefdb1708cdd054.story', 'dd6293cd7dc15e2f18058b46cb867be4b272311f.story', 'a0dffc3055903ed09768fc8c87dd853bade731c2.story', '6409ee243823d11093d2e1dc1e1cf5f9f0a33b83.story', '4e26b407b40974163b8008e2031edfaa85287c69.story']","[[532.0442744293501, 'c978abd14c7c78df42f8b4945951154ea257d469'],
 [532.0442744293501, '633396c67c714119b2dd2a5a74c6182b0365b36c'],
 [532.0442744293501, '414308435fe66c6e4c51f59fcc1dfac37688c8c3'],
 [345.0497066798134, 'a7d4f1b4a67cc509b37ac4feba1516584f072890'],
 [314.625971530994, '92eaa4931c659d5415e780efb24efa487dabc935'],
 [311.2930043745641, 'e352c15c9313f1011e7f8c928eefdb1708cdd054'],
 [276.0397653438507, 'dd6293cd7dc15e2f18058b46cb867be4b272311f'],
 [276.0397653438507, 'a0dffc3055903ed09768fc8c87dd853bade731c2'],
 [276.0397653438507, '6409ee243823d11093d2e1dc1e1cf5f9f0a33b83'],
 [276.0397653438507, '4e26b407b40974163b8008e2031edfaa85287c69']]","['8efcf9cb79379125305193a02c2cb59b4f10c536.story',
'40fb6c40e983ca2db04c970ce5068862351e12df.story',
'b1d0820db2fe202375d0edce90f703a9cf8e6109.story',
'a698ba5f9702716a519e3016d6581872394db609.story',
'9d7f48630b77ccc32547296b33903994deaa75b1.story',
'8d11c7d4d9395e4fe10b829969c9a9301565efaa.story',
'65cba831bfc1402ff5751f0bc51a2c5ae93756ab.story',
'52eff3dfbb73993a4a954747f4f5f8cce19d3470.story',
'4a53fca7a7b8d4dffaf6620da8c8ff478d23b0b5.story',
'43146019075e3163a5f9d08d05d16740e00cb403.story']","['414308435fe66c6e4c51f59fcc1dfac37688c8c3.story', 'ada7bc73d4c8efbbd5cbb97457d212add15e42fb.story', '49b76f379d47b9c9abef8a40b7cdea55f391b723.story', '82faff6ffe7c8560c748c445063333af3d198cd4.story', '3c2229cb2d8e5fa866fa9462102f795a1b96596a.story', '90fc30abde6ca500aae1708043a0d97d119662d7.story', '0e18536e597b9dc55417ebfb9c32e15ff1a0a7da.story', 'c978abd14c7c78df42f8b4945951154ea257d469.story', '633396c67c714119b2dd2a5a74c6182b0365b36c.story', '41efb89b7285c03f6b45ef1719ff03ad556fad4d.story']",,"{'2710d7aa7460104efe39f2ac1c176b91cdc9c826.story': 1.0, '414308435fe66c6e4c51f59fcc1dfac37688c8c3.story': 1.0, 'c978abd14c7c78df42f8b4945951154ea257d469.story': 0.6779388520144487, '633396c67c714119b2dd2a5a74c6182b0365b36c.story': 0.6779388520144487, 'ada7bc73d4c8efbbd5cbb97457d212add15e42fb.story': 0.581501948098645, 'b58deeaafde063ad0ab7d48f6ca2b6641ae5b0b8.story': 0.4184980519013549, '18d6fd554dad18ee0977b26141fff05218e9785d.story': 0.4184980519013549, '593b3db72a6a484701030c95d072bf19c52d4439.story': 0.4184980519013549, '3733f3c3d820743cb2d18c340c659a4bf3407022.story': 0.4184980519013549, '2ab1aa0679a0e274bb42f6b8f92bbdcf5f0923a4.story': 0.4184980519013549}",0.1681522865,0.5637884577,,
"Martin Crowe, Michael Clarke, Brendon McCullum","Australia, New Zealand",Cricinfo,March 29,Martin Crowe Michael Clarke Brendon McCullum Australia New Zealand Cricinfo March 29,"[[2035.3252551811634, '07c7e82c65ff6ecb2eb2122fe26935bedcfa002f.story'],
 [1448.0765950754562, '116da26721b3be573a13ec2e3b02cc8c85521cd8.story'],
 [1248.1728362061383, '75a61d9e5f96bd324a27be40e17c2377e2caf217.story'],
 [1170.148698179559, '520692678ad1e4f2fffa1c0fa152646f0a9b4876.story'],
 [1122.1744981232214, 'a6d4b9ed8138cacaca8bf682a334d94beefdbe1b.story'],
 [1010.339632605366, 'c1984c6123b4749ea8df15f43f7e903fa56f5e20.story'],
 [1008.936283746584, '6bb4f1886c4b7b65dea17b6bb975f7ccab92f850.story'],
 [1001.3337323807851, 'fa7885f08613e0074e5c85d822eb7c378548dc1f.story'],
 [983.8415914817433, 'a7502076d0e64907dd78c6fbab17b4f8746c2857.story'],
 [958.6570744976615, 'f0e0278093042e8b720a14deb4221b0ef9785098.story']]","['2e7953df69cc1639059900d86100c4e11037b29c.story', '520692678ad1e4f2fffa1c0fa152646f0a9b4876.story', 'c1984c6123b4749ea8df15f43f7e903fa56f5e20.story', 'a6d4b9ed8138cacaca8bf682a334d94beefdbe1b.story', '30473719e7c48ac296b93e4015189e2adc37638f.story', '6bb4f1886c4b7b65dea17b6bb975f7ccab92f850.story', '320cd3091315635f68ae5138b6b4f708f32e75bb.story', 'a7502076d0e64907dd78c6fbab17b4f8746c2857.story', '116da26721b3be573a13ec2e3b02cc8c85521cd8.story', 'f95b6af0605a33ca15007f6e6e7b5bfdefa2db48.story']","[[370.18152825059286, '2e7953df69cc1639059900d86100c4e11037b29c'],
 [326.5653093303248, '520692678ad1e4f2fffa1c0fa152646f0a9b4876'],
 [296.9789080739595, 'c1984c6123b4749ea8df15f43f7e903fa56f5e20'],
 [296.9450186268321, 'a6d4b9ed8138cacaca8bf682a334d94beefdbe1b'],
 [296.9450186268321, '30473719e7c48ac296b93e4015189e2adc37638f'],
 [271.8841863207877, '6bb4f1886c4b7b65dea17b6bb975f7ccab92f850'],
 [271.85029687366034, '320cd3091315635f68ae5138b6b4f708f32e75bb'],
 [251.86608347918246, 'a7502076d0e64907dd78c6fbab17b4f8746c2857'],
 [251.86608347918246, '116da26721b3be573a13ec2e3b02cc8c85521cd8'],
 [249.98841478769106, 'f95b6af0605a33ca15007f6e6e7b5bfdefa2db48']]","['9b2dba2425f38b6e9a5cb07834ad245b233d035d.story',
'e0a846732d0bc8306c3ec5b9e23db4679735c024.story',
'a1bbaeab24895da4cd664c97b3e05f8b37e29b06.story',
'6981c96e7772995360567c97f8f011dae83e25bd.story',
'1f2ab430c73dbefbc8c17c7df15770687a8e5004.story',
'78021eca3f38686a4c4cdb0cb538ef5362091ae8.story',
'7ed688f8ba985ab22e8f2db8dd9d29572860096b.story',
'bfff8c49136a19153a9b14fe8447d6d16d9e6cf3.story',
'e0624fa196f9bcd256991af8414ef34e232a5930.story',
'4e7540c857aacfed13641b890179575e326acf80.story']","['c1984c6123b4749ea8df15f43f7e903fa56f5e20.story', '7bcb0e435c5bc6c91352a1db4266a0f3efb6a9cb.story', '6400ee8d893555f9d4f5ddc9b7901669cb9fda43.story', '594582c5caab6a3f653e9483670c98f08ff20abd.story', '520692678ad1e4f2fffa1c0fa152646f0a9b4876.story', '0f4fa61c909c1651b97b0bc7fd7c7880b8cbb6dc.story', '0816e53a2309a3475815df8a28e7e56ced991255.story', 'ffffd563a96104f5cf4493cfa701a65f31b06abf.story', 'ffff924b14a8d82058b6c1c5368ff1113c1632af.story', 'ffff5231e4c71544bc6c97015cdb16c60e42b3f4.story']","['cf09d2926ae360d891bce0cc72649d70915b36a1.story'],
'7ab933f90e7a583d0f123fc6f8da8c6cd494d372.story'],
'5e62651b334cc123899f6c8df0a77eaf4f0e73a4.story'],
'59f04ddb453ad40d33ebf99482419104960ff46d.story'],
'bf695425e25c6a579a6dd642574d3215aa3152d0.story'],
'c99b533f6e64f60cc37c919b863c6b816c19bdad.story'],
'e9846489fb28b6dd888b46c73fa844cfb268c900.story'],
'e7a50fe8860ff49fcb7b56ea9ab6b06f5138dae2.story'],
'e582dde5b1a3e8c0bcb28a48b62430dfeabc4736.story'],
'62f41909ecaa6a266173a47f0e36eb8792396820.story']]","{'c1984c6123b4749ea8df15f43f7e903fa56f5e20.story': 0.8102749593868895, 'c8b6f5befa11cf74f2021dbd414e9e8a3d2a3b37.story': 0.6000565756119502, '520692678ad1e4f2fffa1c0fa152646f0a9b4876.story': 0.5493168757828021, 'bdd9280c628858442af8bf1012bb0571e471eed3.story': 0.3390984920078628, 'd4b6f295608c1281dfad3476ef94a8ea1ee0b9ac.story': 0.3390984920078628, '2c83855f1b4723a8fc3fe3f24ef1fe5b1cc2d956.story': 0.3390984920078628, '9b72dd31e30e68bd8b57c1d3c2b0d0e36474d17e.story': 0.3390984920078628, '344141fb9da66da6e678be449fffcf9e6cb9fed8.story': 0.3390984920078628, '91c668df3fc70dcd46897916180d9f0077af516b.story': 0.3390984920078628, '2bb647d9445fdcda1c4c6959cf7bb9031748fa05.story': 0.3390984920078628}",0.8669479899,0.4085359184,,
"Deborah Persaud, Hannah Gay, Katherine Luzuriaga","Mississippi, Boston, Long Beach, California","Johns Hopkins Children's Center, National Institutes of Health, University of Massachusetts",March 2013,Deborah Persaud Hannah Gay Katherine Luzuriaga Mississippi Boston Long Beach California Johns Hopkins Children's Center National Institutes of Health University of Massachusetts March 2013,"[[1506.2267560405116, '07e703d351a5568a8802c59ce417f6c87731d84c.story'],
 [1455.7197578432545, 'd5ad284bc2467b083b0c72444f78dff48af6bec3.story'],
 [1426.665107759661, 'be2da7e873bf36ec0255949df05e6b17754b1f48.story'],
 [1171.6985151885635, '579c2a5d1cc33046627ba60bb1f898cf594b824e.story'],
 [1156.9796066679623, '5015d7e09afa2a61f28ad34e67fd3ca7ef7783d3.story'],
 [1077.7051327041565, 'f08dc8e9cd41a264ae22b12e6973f4c13c5f0469.story'],
 [894.0405110676699, '56b0b8849bb1e7c691987b86492443d7eecfcc16.story'],
 [881.2126365267841, 'e35a95426be89d8c17f966708f5b591435091ea4.story'],
 [878.7738863914225, '6baf0c8526606334bddcd08c1505d595b7b2631f.story'],
 [863.2815024258883, '0c048c8e387fb221b38fcdcd93072dba2d6dcfc5.story']]","['d5ad284bc2467b083b0c72444f78dff48af6bec3.story', '07e703d351a5568a8802c59ce417f6c87731d84c.story', 'f8c14cf7d744bd5191aed18d74f5c3ca42adbc59.story', 'a0fa10254d1e33b77e0879594c3c37f112144490.story', '3a1739c6e68158412ad70555b7316bbdf6bc8f7d.story', '20111e02a0c3afeed0ecfac42fb24966854d1fd7.story', '0c048c8e387fb221b38fcdcd93072dba2d6dcfc5.story', 'ab9efd271e4e859aecc860f12c88e852964e4f91.story', '62abfe478daca10a59fbf969e6f18f6e6f73e779.story', '6971fb83375d7bfeb4a541dd44cd18c5b5687687.story']","[[461.5992247124847, 'd5ad284bc2467b083b0c72444f78dff48af6bec3.story'],
 [461.5992247124847, '07e703d351a5568a8802c59ce417f6c87731d84c.story'],
 [374.3325546447715, 'f8c14cf7d744bd5191aed18d74f5c3ca42adbc59'],
 [352.3172257936766, 'a0fa10254d1e33b77e0879594c3c37f112144490'],
 [352.3172257936766, '3a1739c6e68158412ad70555b7316bbdf6bc8f7d'],
 [352.3172257936766, '20111e02a0c3afeed0ecfac42fb24966854d1fd7.story'],
 [352.3172257936766, '0c048c8e387fb221b38fcdcd93072dba2d6dcfc5.story'],
 [213.3424124378136, 'ab9efd271e4e859aecc860f12c88e852964e4f91'],
 [213.3424124378136, '62abfe478daca10a59fbf969e6f18f6e6f73e779.story'],
 [178.15688662232935, '6971fb83375d7bfeb4a541dd44cd18c5b5687687']]","['f08dc8e9cd41a264ae22b12e6973f4c13c5f0469.story',
'74337650cb1efdf43578c14a8c5fe6ffe1bf964e.story',
'4fe78af16073f8035242756dc32552ad8e973fff.story',
'dd09ae07e363b76bd8106821c4a7b59c5663eb66.story',
'1feac820c0dfce70657ec53fc228f3c258a83b1d.story',
'b7e581ce0c6c2fcb03a2c1bcf75e35f3ee138022.story',
'f0015049e71582a7694e6f4428db611b0d60d276.story',
'f6a709807a79e57bbc1b232bf714438b7d061171.story',
'e615f8a6fa2c97ddc10dfeedfba7294a03fc2c0e.story',
'7ade8858688743391e31010145766ad88ea5486c.story']","['2bf82afb5fe16925ce71cd30e6624a3bfec14f7b.story', '2c569f6763d1bfeb81b91b77322f3cc95d6dc2ff.story', '2bbf864c8bd199f1dad7db6d7d4091eba67b0f7d.story', '79a5fb31cf2a1105cc1f28a5b4c1583df6019451.story', 'eace3d9d0526d65560ece5e61ffe56bb9c3c253f.story', '4fea258708c71b825d6657735d828c854c725153.story', 'b93fec325a4eba51d668f6003ce895bc190241b0.story', '629396b991e3e41a3fd81bbbe805f8af948ba145.story', '814d92f293b0a7c3d3015284c2e420e7e644c8eb.story', 'a609c74babe625d1f6513c58752dabc34fcc6798.story']","['59f04ddb453ad40d33ebf99482419104960ff46d.story'],
'cf09d2926ae360d891bce0cc72649d70915b36a1.story'],
'7ab933f90e7a583d0f123fc6f8da8c6cd494d372.story'],
'5e62651b334cc123899f6c8df0a77eaf4f0e73a4.story'],
'e7a50fe8860ff49fcb7b56ea9ab6b06f5138dae2.story'],
'c99b533f6e64f60cc37c919b863c6b816c19bdad.story'],
'bf695425e25c6a579a6dd642574d3215aa3152d0.story'],
'62f41909ecaa6a266173a47f0e36eb8792396820.story'],
'e9846489fb28b6dd888b46c73fa844cfb268c900.story'],
'e582dde5b1a3e8c0bcb28a48b62430dfeabc4736.story']]","{'0c048c8e387fb221b38fcdcd93072dba2d6dcfc5.story': 0.8102749593868895, '20111e02a0c3afeed0ecfac42fb24966854d1fd7.story': 0.6000565756119502, '07e703d351a5568a8802c59ce417f6c87731d84c.story': 0.5493168757828021, 'd5ad284bc2467b083b0c72444f78dff48af6bec3.story': 0.5493168757828021, 'c17eb986512fe9be8a616a403a24986cccd436e0.story': 0.3390984920078628, 'a82a03d302c015d8bfba7aee6e1ce940e86e2c72.story': 0.3390984920078628, '659d155f662d2fea95afd0825bbad40100f868e0.story': 0.3390984920078628, 'd47e2cb908e09794a25e1217d76cd149cc97e792.story': 0.3390984920078628, 'e6d825c387ed5cc7044a1dbf181b060ccdd74dde.story': 0.3390984920078628, 'd9245cfba67adc98fd8643e1eac919884b2f601c.story': 0.3390984920078628}",0.4252084336,0.5637884577,,
"Josef Helfenstein, Gretchen Sammons, Vandalized Picasso","Houston, Landeros",University of Houston,,Josef Helfenstein Gretchen Sammons Vandalized Picasso Houston Landeros University of Houston,"[[2509.775926258921, '0ec98ce46a4245dd421f9acab2ab807d68461684.story'],
 [2384.2871299459753, '22eb1c23ff3a3ff74a4953db21b2846935d9c24e.story'],
 [1921.2588032578092, '8876ee2227465832983e0ed6fcb0bd1ab61c435b.story'],
 [1756.8431483812449, '52d787703d0de44be24881341ec111e3953d1cee.story'],
 [1631.3543520682988, '52e9cd670b6b2eee379b13c61ef27cd464b77b33.story'],
 [1422.2063582133887, '42d1b1a3739210628c1a527b361df9db63a34d69.story'],
 [1396.0040933255234, '1adf7077f505411ed64fa17cd8eebe3acc4f90ed.story'],
 [1348.81424436633, '9fab92819f39214f274dd087e8a7d014a137b715.story'],
 [1296.7175619004427, '542ee6ca6d3f727ac9a4406dca75924c16db0d8c.story'],
 [1254.8879631294606, '7366828e66358ab06814bb11a993a03326adaef4.story']]","['1adf7077f505411ed64fa17cd8eebe3acc4f90ed.story', '8876ee2227465832983e0ed6fcb0bd1ab61c435b.story', 'c2efacf0e40e4fdadf7df244a8e82890b6585485.story', '505329e8e7235d26b2d27540c25d86179d0bc0de.story', '32b06605883ad750b2eefc940d6f59b2a1812750.story', 'f9b7b49fa46a1d906f38815855114a33a07606b8.story', '5b49bd44850aa0efed540e9ca2630d58c4ba16b0.story', '2504c739567225a35d08589d4822f4f7ef811e3b.story', '03a2e9426d75d08757190b8c550c77d71ccf0c90.story', '1e8e29c48a8c61ca0cb3ef0b0316cd452bccfa3e.story']","[[593.1352642595565, '1adf7077f505411ed64fa17cd8eebe3acc4f90ed.story'],
 [276.66289496931415, '8876ee2227465832983e0ed6fcb0bd1ab61c435b'],
 [216.24939471566185, 'c2efacf0e40e4fdadf7df244a8e82890b6585485'],
 [216.24939471566185, '505329e8e7235d26b2d27540c25d86179d0bc0de'],
 [216.24939471566185, '32b06605883ad750b2eefc940d6f59b2a1812750'],
 [203.4579511033205, 'f9b7b49fa46a1d906f38815855114a33a07606b8.story'],
 [203.4579511033205, '5b49bd44850aa0efed540e9ca2630d58c4ba16b0'],
 [203.4579511033205, '2504c739567225a35d08589d4822f4f7ef811e3b.story'],
 [203.4579511033205, '03a2e9426d75d08757190b8c550c77d71ccf0c90.story'],
 [200.4276661794689, '1e8e29c48a8c61ca0cb3ef0b0316cd452bccfa3e']]
","['ee5fd4d5f933a8504748cdbadb1d1877ab6bb6d2.story',
'c8eb04dfb230d1472be5d09d160222e9e97f0531.story',
'2e0d312222bc7292fe9c29f3d6554625d27c0b1f.story',
'1f25f86d975211c64655e6e8802651fc6e66a83b.story',
'fd9977f51e70069101969ac2004a5997f8414382.story',
'fceb0b7506d3fb53a18da3d86507b4320d65ed3e.story',
'f3b01f84d5b321ae45ee6d6a7f5fac182c5d80b5.story',
'f22af8e419425ad5896178e1f466c73bde65c70f.story',
'ea1885f192bbfa166027760086169eceec7345e5.story',
'e92e9370d84e247d81d2159e226d950f059674f7.story']","['2c569f6763d1bfeb81b91b77322f3cc95d6dc2ff.story', 'bb9fbd8b3091a40ac357469422c3d1a9c0e45129.story', '319803785371b5ce7a033ffb93ad6019ee29b65d.story', '18b8b5cab6d4e109651b7625e39324fb98c717d4.story', 'f65ddcf4d2796e814598b9aae45102a31545994b.story', '00e4f9fd5a0241454e5ca3089ef05e30bdf8b78e.story', '2120b43d86b5947f54a8eeda95e230abce1415f3.story', '22c98372750999828e9096b81ad79df6ca6ce4f0.story', 'b93fec325a4eba51d668f6003ce895bc190241b0.story', '93d43a1442990de32f525ce02f8d9fed51e93259.story']",,"{'1adf7077f505411ed64fa17cd8eebe3acc4f90ed.story': 0.6779388520144487, 'cb234b14130000e3212b3f94ae2d58b5a424bbbc.story': 0.581501948098645, 'fc55d34559f1a128145e6cee20396b5bebabd0c6.story': 0.581501948098645, '61ba2bce67ec7154c9730da1a43fe0bf0fe261bd.story': 0.581501948098645, '90d8b8ea5c7f0d8239ae279c3aa2533ee10c848d.story': 0.581501948098645, 'fb581fca720df804bc05f347751d7d0e26be9741.story': 0.581501948098645, 'fc42604e9a16da471df2c17ec44a090e5086a317.story': 0.581501948098645, '2e0d312222bc7292fe9c29f3d6554625d27c0b1f.story': 0.581501948098645, 'f317520d262e83d05c0b68f2df8197a23da15f06.story': 0.4184980519013549, 'b1eb665a45e742fa47265dc4c612e1faf93f120d.story': 0.4184980519013549}",0.1834098052,0.2200917663,,
,,,,,,,,,,,,0.3792635548,0.3536729309,,